,name,price,image
0,Samsung Galaxy A03 (4Go Ram - 64Go ROM) - Noir,"1,349.00 Dhs",https://ma.jumia.is/unsafe/fit-in/300x300/filters:fill(white)/product/52/106305/1.jpg?9411
1,Samsung Galaxy A03 (4Go Ram - 64Go ROM) - Bleu,"1,349.00 Dhs",https://ma.jumia.is/unsafe/fit-in/300x300/filters:fill(white)/product/21/795305/1.jpg?9361
2,"Samsung Galaxy A13 6.6"" LTE 4GB RAM + 64GB ROM 50 Mpx - Blue","1,772.00 Dhs",https://ma.jumia.is/unsafe/fit-in/300x300/filters:fill(white)/product/83/171705/1.jpg?3372
3,"Samsung Galaxy A23 6.6"" LTE 4GB RAM + 128GB ROM - 50 Mpx - Blue","2,166.00 Dhs",https://ma.jumia.is/unsafe/fit-in/300x300/filters:fill(white)/product/24/171705/1.jpg?3371
4,"Samsung Galaxy A23 6.6"" LTE 4GB RAM + 128GB ROM - 50 Mpx - Black","2,166.00 Dhs",https://ma.jumia.is/unsafe/fit-in/300x300/filters:fill(white)/product/44/171705/1.jpg?3371
5,"Samsung Galaxy A04 - 6.5"" - 4GB RAM + 64GB ROM - 50MP - Black","1,429.00 Dhs",https://ma.jumia.is/unsafe/fit-in/300x300/filters:fill(white)/product/01/485685/1.jpg?4863
6,"Samsung Galaxy A13 6.6"" LTE 4GB RAM + 64GB ROM 50 Mpx - Black","1,772.00 Dhs",https://ma.jumia.is/unsafe/fit-in/300x300/filters:fill(white)/product/04/171705/1.jpg?3372
7,"Huawei Y5P 5.45"" (2Go, 32Go) 8MP/5MP Android - Vert",959.00 Dhs,https://ma.jumia.is/unsafe/fit-in/300x300/filters:fill(white)/product/46/297193/1.jpg?9166
8,"Samsung Galaxy A13 6.6"" LTE 4GB RAM + 64GB ROM 50 Mpx - White","1,772.00 Dhs",https://ma.jumia.is/unsafe/fit-in/300x300/filters:fill(white)/product/53/171705/1.jpg?3373
9,"XIAOMI Redmi A1+ 6.52"" - 2GB + 32GB - 8MPx – Bleu","1,150.00 Dhs",https://ma.jumia.is/unsafe/fit-in/300x300/filters:fill(white)/product/72/320085/4.jpg?1001
10,Samsung GALAXY M52- 5G - 128Gb ROM – 8Gb RAM - 64 Mpx - Android - Blanc,"3,200.00 Dhs",https://ma.jumia.is/unsafe/fit-in/300x300/filters:fill(white)/product/03/638425/1.jpg?9249
11,Samsung Galaxy A03 Core Noir 2G Ram 32G Storage,"1,100.00 Dhs",https://ma.jumia.is/unsafe/fit-in/300x300/filters:fill(white)/product/09/515774/1.jpg?7520
12,XIAOMI Redmi 10C (4GB -128GB) Snapdragon 680 -5000 mAh-50 MP- NFC-Gray,"1,790.00 Dhs",https://ma.jumia.is/unsafe/fit-in/300x300/filters:fill(white)/product/50/741175/1.jpg?7547
13,XIAOMI Redmi 9A (2Go/32Go) Dual Sim- 5000mAh - Bleu +Kit+ Incassable,"1,239.00 Dhs",https://ma.jumia.is/unsafe/fit-in/300x300/filters:fill(white)/product/58/594384/1.jpg?1060
14,Support 360rotatif universel Flexible paresseux  pour Smartphones,39.00 Dhs,https://ma.jumia.is/unsafe/fit-in/300x300/filters:fill(white)/product/59/480044/1.jpg?0089
15,"XIAOMI Redmi Note 11 6,5"" (4Go, 128Go) MediaTek Helio G88 - 50MP/8MP- Bleu","2,199.00 Dhs",https://ma.jumia.is/unsafe/fit-in/300x300/filters:fill(white)/product/66/061384/1.jpg?5804
16,"XIAOMI Redmi A1+ 6.52"" - 2GB + 32GB - 8MPx – Noir","1,150.00 Dhs",https://ma.jumia.is/unsafe/fit-in/300x300/filters:fill(white)/product/61/320085/4.jpg?0914
17,Samsung GALAXY M52- 5G – 128Gb ROM - 8Gb RAM - Noir,"3,249.00 Dhs",https://ma.jumia.is/unsafe/fit-in/300x300/filters:fill(white)/product/52/638425/1.jpg?9250
18,"XIAOMI Redmi Note 11 Pro - FHD+ de 6,67’’(6Go, 128Go) - 108MP- Gris - Band + Écouteur","3,099.00 Dhs",https://ma.jumia.is/unsafe/fit-in/300x300/filters:fill(white)/product/61/235365/1.jpg?5941
19,"Samsung Galaxy M33 - 6.6"" - 5G - 6GB RAM+128GB ROM - 50Mpx - Blue","2,560.00 Dhs",https://ma.jumia.is/unsafe/fit-in/300x300/filters:fill(white)/product/02/595445/1.jpg?5695
20,"Samsung Galaxy A32 ( 6 GB + 128 GB ) - 64 MP - 6.4""- 5,000mAh - Blanc + Kit + Montre","2,870.00 Dhs",https://ma.jumia.is/unsafe/fit-in/300x300/filters:fill(white)/product/70/440604/1.jpg?9495
21,"XIAOMI Redmi 9C 6.53"" (4Go, 128 Go) Android 13MP+2MP+2MP/5MP - Violet +Kit+ Band","1,799.00 Dhs",https://ma.jumia.is/unsafe/fit-in/300x300/filters:fill(white)/product/07/069794/1.jpg?0987
22,"Samsung Galaxy A13 6.6"" LTE 4GB RAM + 128GB ROM 50 Mpx - Blue","2,018.00 Dhs",https://ma.jumia.is/unsafe/fit-in/300x300/filters:fill(white)/product/72/171705/1.jpg?3375
23,"Nokia 5.1 Plus  5.8""HD 4G+ ( 32Gb Ram 3Go ) Double SIM -13MP- Black","1,139.00 Dhs",https://ma.jumia.is/unsafe/fit-in/300x300/filters:fill(white)/product/51/502015/1.jpg?8792
24,"XIAOMI Redmi 10A – 6,53’’ - 3 GB RAM + 64 GB ROM - 13Mpx – Graphite gray","1,529.00 Dhs",https://ma.jumia.is/unsafe/fit-in/300x300/filters:fill(white)/product/24/720125/1.jpg?2487
25,Samsung GALAXY M52- 5G – 128Go ROM - 8Go Ram - 64 Mpx - Android - Bleu,"3,200.00 Dhs",https://ma.jumia.is/unsafe/fit-in/300x300/filters:fill(white)/product/72/638425/1.jpg?9249
26,"Oppo A16K (3Go+32Go) - Design 3D -  6,52"" HD+ Eye Care - 4230mAh - Blue","1,399.00 Dhs",https://ma.jumia.is/unsafe/fit-in/300x300/filters:fill(white)/product/77/049905/1.jpg?5583
27,"Samsung Galaxy A13 6.6"" LTE 4GB RAM + 128GB ROM 50 Mpx - Black","2,018.00 Dhs",https://ma.jumia.is/unsafe/fit-in/300x300/filters:fill(white)/product/92/171705/1.jpg?3374
28,"XIAOMI Redmi Note 10  Pro - 6.67"" (8Go, 128Go) 108MP / 8MP - Gris + Band + Écouteur","3,099.00 Dhs",https://ma.jumia.is/unsafe/fit-in/300x300/filters:fill(white)/product/99/339585/1.jpg?6885
29,Infinix SMART 6 X6511B 32+2 - Light Sea Green,"1,189.00 Dhs",https://ma.jumia.is/unsafe/fit-in/300x300/filters:fill(white)/product/05/080015/1.jpg?8001
30,Logicom Téléphone Sans fil numérique de maison  150,229.50 Dhs,https://ma.jumia.is/unsafe/fit-in/300x300/filters:fill(white)/product/95/454884/1.jpg?3359
31,"XIAOMI Redmi Note 11 Pro - FHD+ de 6,67’’(6Go, 128Go) - 108MP- Gris - Band + Écouteur","3,099.00 Dhs",https://ma.jumia.is/unsafe/fit-in/300x300/filters:fill(white)/product/99/186585/1.jpg?7185
32,Ring Light 26cm + Trepied Noir Tripod Avec Support Téléphone 3 Modes de Lumiere,135.00 Dhs,https://ma.jumia.is/unsafe/fit-in/300x300/filters:fill(white)/product/15/737953/1.jpg?3465
33,"Samsung Galaxy A04 - 6.5"" - 4GB RAM + 64GB ROM - 50MP - Copper","1,429.00 Dhs",https://ma.jumia.is/unsafe/fit-in/300x300/filters:fill(white)/product/90/485685/1.jpg?4864
34,XIAOMI Redmi 10C (4GB -64GB) Snapdragon 680 -5000 mAh-50 MP- NFC-Gray,"1,630.00 Dhs",https://ma.jumia.is/unsafe/fit-in/300x300/filters:fill(white)/product/17/472585/1.jpg?8006
35,"XIAOMI Redmi 9C 6.53"" (4Go, 128 Go) Android 13MP+2MP+2MP/5MP - Violet","1,599.00 Dhs",https://ma.jumia.is/unsafe/fit-in/300x300/filters:fill(white)/product/59/398184/1.jpg?4545
36,"Infinix Note 12 - 6.7"" - (8 Go-256 Go) AMOLED -Helio G 96 - 50 MP - Noir","2,690.00 Dhs",https://ma.jumia.is/unsafe/fit-in/300x300/filters:fill(white)/product/58/116155/1.jpg?8867
37,"Samsung GALAXY A03 Core - 6.5"" - 2GB RAM + 32GB ROM - 48 Mpx - pink","1,149.00 Dhs",https://ma.jumia.is/unsafe/fit-in/300x300/filters:fill(white)/product/18/140845/1.jpg?2364
38,"Samsung Galaxy A32 ( 6 GB + 128 GB ) - 64 MP - 6.4""- 5,000mAh - Noir + Kit + Montre","2,870.00 Dhs",https://ma.jumia.is/unsafe/fit-in/300x300/filters:fill(white)/product/06/930604/1.jpg?1382
39,Samsung Galaxy A03 Core Noir 2G Ram 32G Storage,"1,099.90 Dhs",https://ma.jumia.is/unsafe/fit-in/300x300/filters:fill(white)/product/45/404165/1.jpg?4517
40,"Itel BRAND MOBILE PHONE 5"" - A33 plus - 32GB ROM + 1GB RAM - Noir",669.00 Dhs,https://ma.jumia.is/unsafe/fit-in/300x300/filters:fill(white)/product/80/289075/1.jpg?9466
41,Ring Light 26cm + Trepied Noir Tripod Avec Support Téléphone 3 Modes de Lumiere,135.00 Dhs,https://ma.jumia.is/unsafe/fit-in/300x300/filters:fill(white)/product/15/737953/1.jpg?3465
42,"XIAOMI Redmi 10 - 4G - 6.5"" - (4Go, 64Go) - 50MP/8MP - Android - Bleu + Band + Écouteur","1,899.00 Dhs",https://ma.jumia.is/unsafe/fit-in/300x300/filters:fill(white)/product/15/439585/1.jpg?6329
43,"XIAOMI Redmi 9C 6.53"" (4Go, 128 Go) Android 13MP+2MP+2MP/5MP - GRIS","1,649.00 Dhs",https://ma.jumia.is/unsafe/fit-in/300x300/filters:fill(white)/product/64/050384/1.jpg?1961
44,"XIAOMI Redmi Note 11 6,5"" (4Go, 128Go) MediaTek Helio G88 - 50MP/8MP+Kit+Band- Gris","2,349.00 Dhs",https://ma.jumia.is/unsafe/fit-in/300x300/filters:fill(white)/product/41/135694/1.jpg?1768
45,"XIAOMI Redmi 10C – 6.71"" - 4GB RAM 128GB ROM – 50Mpx - GRAPHITE GRAY","1,969.00 Dhs",https://ma.jumia.is/unsafe/fit-in/300x300/filters:fill(white)/product/31/970015/1.jpg?5151
46,Samsung GALAXY M13 6.6” 4GB 128GB Orange copper,"1,999.00 Dhs",https://ma.jumia.is/unsafe/fit-in/300x300/filters:fill(white)/product/39/659485/1.jpg?7649
47,"Oppo RENO 7 - 6,4"" - ( 8Go RAM + 256Go ROM )+ Kit + Smart Band +Orange","4,299.00 Dhs",https://ma.jumia.is/unsafe/fit-in/300x300/filters:fill(white)/product/49/852135/1.jpg?5134
48,Samsung Galaxy A52 - 6.5'' - (8GB - 128GB)  -64MP+12MP+5MP+5MP/32MP+Kit + Band-Bleu,"3,590.00 Dhs",https://ma.jumia.is/unsafe/fit-in/300x300/filters:fill(white)/product/05/480314/1.jpg?3559
49,"Huawei Y5P 5.45"" (2Go, 32Go) 8MP/5MP Android - Bleu",959.00 Dhs,https://ma.jumia.is/unsafe/fit-in/300x300/filters:fill(white)/product/36/297193/1.jpg?9166
50,"Support de téléphone voiture multifonctionnel  pour rétroviseur, rotatif à 360 degrés",58.00 Dhs,https://ma.jumia.is/unsafe/fit-in/300x300/filters:fill(white)/product/94/001005/1.jpg?7598
51,XIAOMI Mi 11T - 5G - 8GB +128GB - 6.67''- 8K - 108 MP - Mediatek Dimensity 1200 - Gris,"4,290.00 Dhs",https://ma.jumia.is/unsafe/fit-in/300x300/filters:fill(white)/product/82/269815/1.jpg?7919
52,"Oppo A16K (3Go+32Go) - Design 3D -  6,52"" HD+ Eye Care - 4230mAh -  Black","1,399.00 Dhs",https://ma.jumia.is/unsafe/fit-in/300x300/filters:fill(white)/product/76/049905/1.jpg?5584
53,Vivo V23e (8/128) Selfie 50MP AF - Côte ensoleillée +Cadeaux (vivo Football)- 1 an de Garantie,"2,999.00 Dhs",https://ma.jumia.is/unsafe/fit-in/300x300/filters:fill(white)/product/03/693725/1.jpg?6957
54,"Samsung Galaxy S10 Plus - Noir ( 128Go, 8Go ) / Remise à neuf","3,749.00 Dhs",https://ma.jumia.is/unsafe/fit-in/300x300/filters:fill(white)/product/10/834365/1.jpg?9598
55,"Samsung Galaxy A13 6.6"" LTE 4GB RAM + 128GB ROM 50 Mpx - White","2,018.00 Dhs",https://ma.jumia.is/unsafe/fit-in/300x300/filters:fill(white)/product/33/171705/1.jpg?3373
56,"Samsung Galaxy A32 ( 6 GB + 128 GB ) - 64 MP - 6.4""- 5,000mAh - Bleu","2,790.00 Dhs",https://ma.jumia.is/unsafe/fit-in/300x300/filters:fill(white)/product/32/317714/1.jpg?4269
57,"Samsung Galaxy A33 6,4"" (128GO,8GO), 5G - Noir","3,349.00 Dhs",https://ma.jumia.is/unsafe/fit-in/300x300/filters:fill(white)/product/58/782894/1.jpg?2384
58,"Iku X3 - 6.52"" (6 Go -128 Go) Dual Sim-4G - 48MP- 16MP - Mediatek - 5000 mAh- Bleu","1,699.00 Dhs",https://ma.jumia.is/unsafe/fit-in/300x300/filters:fill(white)/product/98/881284/1.jpg?9412
59,Samsung Galaxy A52 - 6.5'' - (8GB - 128GB)  -64MP+12MP+5MP+5MP/32MP+Kit + Band -Blanc,"3,599.00 Dhs",https://ma.jumia.is/unsafe/fit-in/300x300/filters:fill(white)/product/79/029335/1.jpg?3511
60,realme C25Y RMX3269 64GB+4GB Glacier Blue,"1,491.00 Dhs",https://ma.jumia.is/unsafe/fit-in/300x300/filters:fill(white)/product/88/408794/1.jpg?5125
61,Trépied flexible professionnel,51.00 Dhs,https://ma.jumia.is/unsafe/fit-in/300x300/filters:fill(white)/product/12/703863/1.jpg?7942
62,"Nokia C01 Plus 4G 5.45"" (1Go, 16Go) 5MP/5MP Android - Bleu",890.00 Dhs,https://ma.jumia.is/unsafe/fit-in/300x300/filters:fill(white)/product/78/529524/1.jpg?6247
63,"Itel BRAND MOBILE PHONE 6,3"" - A58 LITE - 16GB ROM - 1GB RAM - Wave Blue",769.00 Dhs,https://ma.jumia.is/unsafe/fit-in/300x300/filters:fill(white)/product/21/289075/1.jpg?9465
64,"Itel BRAND MOBILE PHONE P38 - 6.6"" - 32GB ROM - 2GB RAM - Spruce Green",884.00 Dhs,https://ma.jumia.is/unsafe/fit-in/300x300/filters:fill(white)/product/51/289075/1.jpg?9467
65,"Nokia C20 6.5"" (2Go, 16Go) 5MP/5MP Android - Bleu",949.00 Dhs,https://ma.jumia.is/unsafe/fit-in/300x300/filters:fill(white)/product/53/655424/1.jpg?0686
66,Samsung GALAXY M13 6.6” 4GB 128GB Light Bleu,"1,999.00 Dhs",https://ma.jumia.is/unsafe/fit-in/300x300/filters:fill(white)/product/49/659485/1.jpg?7649
67,Samsung GALAXY M52 - 128Go - 8Go Ram - 64 Mpx - Android - Bleu,"3,545.00 Dhs",https://ma.jumia.is/unsafe/fit-in/300x300/filters:fill(white)/product/84/544134/1.jpg?8464
68,"Samsung Galaxy A33 6,4"" (128GO,8GO), 5G - Blanc","3,349.00 Dhs",https://ma.jumia.is/unsafe/fit-in/300x300/filters:fill(white)/product/78/782894/1.jpg?2387
69,Nokia 6300 - Mobile Phone,259.50 Dhs,https://ma.jumia.is/unsafe/fit-in/300x300/filters:fill(white)/product/56/947075/1.jpg?9751
70,realme 9Pro - MOBILE PHONE - RMX3472 - 128GB - 8GB - Aurora Green,"3,030.00 Dhs",https://ma.jumia.is/unsafe/fit-in/300x300/filters:fill(white)/product/58/846505/1.jpg?0667
71,"XIAOMI Redmi Note 11 6,5"" (4Go, 128Go) MediaTek Helio G88 - 50MP/8MP+Kit+Band- Bleu","2,349.00 Dhs",https://ma.jumia.is/unsafe/fit-in/300x300/filters:fill(white)/product/76/407584/1.jpg?3281
72,"Itel Smartphone 5"" Gsm A16plus 3G+-Dual SIM-inch -5MP -8GB -1GB RAM -Gold",739.00 Dhs,https://ma.jumia.is/unsafe/fit-in/300x300/filters:fill(white)/product/54/806935/1.jpg?6941
73,"XIAOMI Redmi Note 11 Pro - FHD+ de 6,67’’(6Go, 128Go) - 108MP- Bleu - Band + Écouteur","3,099.00 Dhs",https://ma.jumia.is/unsafe/fit-in/300x300/filters:fill(white)/product/88/186585/1.jpg?6520
74,"Samsung Galaxy A32 ( 6 GB + 128 GB ) - 64 MP - 6.4""- 5,000mAh - Blanc","2,749.00 Dhs",https://ma.jumia.is/unsafe/fit-in/300x300/filters:fill(white)/product/07/930604/1.jpg?9893
75,Samsung Galaxy A04S - 4G - 6.5’’- 4Go / 64Go - 50MP - 5000mAh - Rose + Écouteur + Watch,"1,899.00 Dhs",https://ma.jumia.is/unsafe/fit-in/300x300/filters:fill(white)/product/93/995685/1.jpg?7635
76,"Alcatel Smartphone 4G 6.22"" Gsm 1v-Dual SIM-13MP-32GB-RAM2GB-Empreinte-Noir",997.00 Dhs,https://ma.jumia.is/unsafe/fit-in/300x300/filters:fill(white)/product/89/295665/1.jpg?1754
77,"Samsung Galaxy A32 ( 6 GB + 128 GB ) - 64 MP - 6.4""- 5,000mAh - Bleu + Kit + Montre","2,899.00 Dhs",https://ma.jumia.is/unsafe/fit-in/300x300/filters:fill(white)/product/22/317714/1.jpg?4269
78,"Samsung Galaxy A03s  6.5”HD+ - 13MP - 4G + 64GB - 5,000mAh - Noir + Band + Écouteur","1,899.00 Dhs",https://ma.jumia.is/unsafe/fit-in/300x300/filters:fill(white)/product/97/953854/1.jpg?1633
79,"Samsung Galaxy M33 - 6.6"" - 5G - 6GB RAM+128GB ROM - 50Mpx – Green","2,560.00 Dhs",https://ma.jumia.is/unsafe/fit-in/300x300/filters:fill(white)/product/12/595445/1.jpg?5695
80,"XIAOMI Redmi 10A – 6,53’’ - 3 GB RAM + 64 GB ROM - 13Mpx - Sky blue","1,529.00 Dhs",https://ma.jumia.is/unsafe/fit-in/300x300/filters:fill(white)/product/14/720125/1.jpg?2476
81,"Oppo A96 (8Go+ 256Go)- 6,59"" FHD+ 90Hz- 5000mAh+33W - 50MP- RAM+ Sunset Blue","3,399.00 Dhs",https://ma.jumia.is/unsafe/fit-in/300x300/filters:fill(white)/product/71/022205/1.jpg?5044
82,"XIAOMI Redmi 9A 6.53"" (2Go, 32Go) 13MP/5MP Android - Bleu","1,199.00 Dhs",https://ma.jumia.is/unsafe/fit-in/300x300/filters:fill(white)/product/15/493883/1.jpg?4598
83,XIAOMI Redmi 10C (4GB -64GB) Snapdragon 680 -5000 mAh-50 MP- NFC-Gray+Kit+ Band,"1,795.00 Dhs",https://ma.jumia.is/unsafe/fit-in/300x300/filters:fill(white)/product/57/472585/1.jpg?8005
84,"XIAOMI Redmi Note 11 6,5"" (4Go, 128Go) MediaTek Helio G88 - 50MP/8MP- Gris","2,299.00 Dhs",https://ma.jumia.is/unsafe/fit-in/300x300/filters:fill(white)/product/46/061384/1.jpg?5804
85,"Huawei nova Y70 - 6,75"" - 4GB+128GB - Crystal Blue Dual Card","1,999.00 Dhs",https://ma.jumia.is/unsafe/fit-in/300x300/filters:fill(white)/product/22/187345/1.jpg?8673
86,"Nokia XR20 6.67"" 5G (6Go, 128Go) 48MP+13MP/8MP Android - Gris","5,990.00 Dhs",https://ma.jumia.is/unsafe/fit-in/300x300/filters:fill(white)/product/33/655424/1.jpg?0628
87,Vivo V23 5G (8/128) 50AF Double Selfie - Sunshine Gold +Cadeaux (Cartable vivo)- 1 an de Garantie,"4,599.00 Dhs",https://ma.jumia.is/unsafe/fit-in/300x300/filters:fill(white)/product/13/693725/1.jpg?6957
88,"realme C11 (32+2Gb) 6.5"" -Dual Sim - 5000mAh - 13Mp+2Mp AI double caméra - Gris","1,149.00 Dhs",https://ma.jumia.is/unsafe/fit-in/300x300/filters:fill(white)/product/93/248673/1.jpg?4859
89,Samsung Galaxy Note 9 - 128 Go - 6 Go - Android - Noir,"5,590.00 Dhs",https://ma.jumia.is/unsafe/fit-in/300x300/filters:fill(white)/product/11/761063/1.jpg?6264
90,Samsung Note 20 Ultra 8GB/256GB Mysthic Black,"9,500.00 Dhs",https://ma.jumia.is/unsafe/fit-in/300x300/filters:fill(white)/product/33/133273/1.jpg?5617
91,"Oppo RENO 7 - 6,4"" - 8Go RAM + 256Go ROM - Cosmic  Black","3,979.00 Dhs",https://ma.jumia.is/unsafe/fit-in/300x300/filters:fill(white)/product/73/441625/1.jpg?2504
92,Samsung GALAXY M13 6.6” 4GB 128GB Deep Green,"1,999.00 Dhs",https://ma.jumia.is/unsafe/fit-in/300x300/filters:fill(white)/product/59/659485/1.jpg?7648
93,Infinix Hot 12 Play X6816 64 Rom 4 Ram - Horizon Blue,"1,599.00 Dhs",https://ma.jumia.is/unsafe/fit-in/300x300/filters:fill(white)/product/05/697685/1.jpg?0589
94,"Samsung Galaxy M33 - 6.6"" - 5G - 6GB RAM+128GB ROM - 50Mpx – Brown","2,560.00 Dhs",https://ma.jumia.is/unsafe/fit-in/300x300/filters:fill(white)/product/22/595445/1.jpg?5694
95,"Iku X3 - 6.52"" (6 Go -128 Go) Dual Sim-4G - 48MP- 16MP - Mediatek - 5000 mAh- Bleu","1,699.00 Dhs",https://ma.jumia.is/unsafe/fit-in/300x300/filters:fill(white)/product/23/693974/1.jpg?6354
96,XIAOMI Redmi 10C (4GB -128GB) Snapdragon 680 - 5000 mAh-50 MP - Bleu - Band + Écouteur,"1,999.00 Dhs",https://ma.jumia.is/unsafe/fit-in/300x300/filters:fill(white)/product/46/549875/1.jpg?6605
97,"realme 9i MOBILE PHONE RMX3491 6.6"" 128GB + 4GB 50 Mpx - Prism Blue","1,999.00 Dhs",https://ma.jumia.is/unsafe/fit-in/300x300/filters:fill(white)/product/35/561605/1.jpg?4068
98,XIAOMI Redmi 10C (4GB -128GB) Snapdragon 680 -5000 mAh-50 MP- NFC-Gray+Kit+ Band,"1,990.00 Dhs",https://ma.jumia.is/unsafe/fit-in/300x300/filters:fill(white)/product/80/572585/1.jpg?8246
99,Samsung Galaxy A03 (4Go Ram - 64Go ROM) - rouge,"1,499.00 Dhs",https://ma.jumia.is/unsafe/fit-in/300x300/filters:fill(white)/product/44/846635/1.jpg?2670
100,"Samsung Galaxy A03 - 6,5' HD+  4Go Ram - 128Go - 48MP- 5000 mAh - Noir + Band + Écouteur","1,849.00 Dhs",https://ma.jumia.is/unsafe/fit-in/300x300/filters:fill(white)/product/73/864345/1.jpg?1957
101,"Support Téléphone Voiture Magnétique,Porte téléphone - rouge",43.00 Dhs,https://ma.jumia.is/unsafe/fit-in/300x300/filters:fill(white)/product/22/936525/1.jpg?8802
102,"XIAOMI Mi 10T 6.67"" (8Go, 128Go) 64MP+13MP+5MP/20MP Android 10 - Noir","4,699.00 Dhs",https://ma.jumia.is/unsafe/fit-in/300x300/filters:fill(white)/product/98/709193/1.jpg?0665
103,"Oppo A96 (8Go+ 256Go)- 6,59"" FHD+ 90Hz- 5000mAh+33W - 50MP- RAM+ Starry Black","3,399.00 Dhs",https://ma.jumia.is/unsafe/fit-in/300x300/filters:fill(white)/product/37/101405/1.jpg?0794
104,"Support de téléphone voiture multifonctionnel  pour rétroviseur, rotatif à 360 degrés",58.99 Dhs,https://ma.jumia.is/unsafe/fit-in/300x300/filters:fill(white)/product/76/410565/1.jpg?5870
105,Ring Light 26cm + Tripied Noir Avec Support Téléphone 3 Modes de Lumiere,135.00 Dhs,https://ma.jumia.is/unsafe/fit-in/300x300/filters:fill(white)/product/35/737953/1.jpg?9286
106,Infinix Hot 12 Play X6816 128 Rom 4 Ram - Daylight Green,"1,650.00 Dhs",https://ma.jumia.is/unsafe/fit-in/300x300/filters:fill(white)/product/79/564785/1.jpg?9018
107,"Infinix SMART 6 PLUS X6823 - 6,82"" - 64GB ROM + 2GB RAM - Tranquil Sea Blue","1,299.00 Dhs",https://ma.jumia.is/unsafe/fit-in/300x300/filters:fill(white)/product/71/389485/1.jpg?5528
108,Samsung Galaxy A53 5G - 6.5'' - (8GB - 128GB)  -64MP+12MP+5MP+/32MP - Rose,"4,199.00 Dhs",https://ma.jumia.is/unsafe/fit-in/300x300/filters:fill(white)/product/85/816325/1.jpg?1758
109,tripod Trépied 3110 pour Téléphone et appareil photo Selfie Rack avec clip de téléphone,54.00 Dhs,https://ma.jumia.is/unsafe/fit-in/300x300/filters:fill(white)/product/53/256183/1.jpg?0659
110,Vivo Y22 caméra ultra claire 50 MP-64+4Go- Helio G85-  Vert Métaverse,"1,899.00 Dhs",https://ma.jumia.is/unsafe/fit-in/300x300/filters:fill(white)/product/73/260885/1.jpg?2110
111,"Oppo RENO 7 - 6,4"" - 8Go RAM + 256Go ROM - Sunset Orange","3,979.00 Dhs",https://ma.jumia.is/unsafe/fit-in/300x300/filters:fill(white)/product/00/620525/1.jpg?4958
112,XIAOMI Redmi 9A (2Go/32Go) Dual Sim- 5000mAh - Bleu,"1,195.00 Dhs",https://ma.jumia.is/unsafe/fit-in/300x300/filters:fill(white)/product/15/535904/1.jpg?0401
113,"Oppo A76 6,56"" 6Go RAM + 128Go ROM - Glowing Black","2,749.00 Dhs",https://ma.jumia.is/unsafe/fit-in/300x300/filters:fill(white)/product/20/296605/1.jpg?0370
114,"Itel BRAND MOBILE PHONE 6,3"" -  A58 LITE - 32GB ROM - 2GB RAM - Wave Blue",819.00 Dhs,https://ma.jumia.is/unsafe/fit-in/300x300/filters:fill(white)/product/01/289075/1.jpg?9465
115,"Oppo A83 - 5.7"" - 64GB - 4GB - 13MP Camera - Dual SIM - 4G - Bleu","2,399.00 Dhs",https://ma.jumia.is/unsafe/fit-in/300x300/filters:fill(white)/product/08/445323/1.jpg?6916
116,OnePlus Nord CE 2 Lite 5G ( 8GB/128GB ) - Bleu,"3,490.00 Dhs",https://ma.jumia.is/unsafe/fit-in/300x300/filters:fill(white)/product/30/952935/1.jpg?1986
117,"Oppo A83 - 5.7"" - 64GB - 4GB - 13MP Camera - Dual SIM - 4G - Rouge","2,399.00 Dhs",https://ma.jumia.is/unsafe/fit-in/300x300/filters:fill(white)/product/18/445323/1.jpg?6916
118,XIAOMI Redmi 10C (4GB -128GB) Snapdragon 680 -5000 mAh-50 MP- NFC-Vert+Kit+ Band,"1,990.00 Dhs",https://ma.jumia.is/unsafe/fit-in/300x300/filters:fill(white)/product/61/572585/1.jpg?8305
119,"Samsung Galaxy S21 Plus 5G ( 128Go, 8Go ) Android 12  Phantom violet 6.7"" - Remis à Neuf","6,380.00 Dhs",https://ma.jumia.is/unsafe/fit-in/300x300/filters:fill(white)/product/64/808615/1.jpg?0970
120,Vivo Y33s (4/128) 50MP + 5000mAh 18W Noir miroir + Cadeaux- 1 an de Garantie,"2,299.00 Dhs",https://ma.jumia.is/unsafe/fit-in/300x300/filters:fill(white)/product/63/407584/1.jpg?2566
121,"Oppo F11 Pro 6.5"" 4G (6Go, 128Go) Android 9 48MP+5MP /16MP - Vert Aurore","3,999.00 Dhs",https://ma.jumia.is/unsafe/fit-in/300x300/filters:fill(white)/product/93/609372/1.jpg?1878
122,XIAOMI Redmi 10C (4GB -128GB) Snapdragon 680 - 5000 mAh-50 MP - Gris - Band + Écouteur,"1,999.00 Dhs",https://ma.jumia.is/unsafe/fit-in/300x300/filters:fill(white)/product/90/755585/1.jpg?6704
123,Samsung Galaxy A52S - 5G - 6.5'' - (8GB - 256GB)  -64MP+12MP+5MP/32MP- 5G -Blanc,"4,590.00 Dhs",https://ma.jumia.is/unsafe/fit-in/300x300/filters:fill(white)/product/36/294364/1.jpg?6659
124,Oppo A16K (3Go - 32 Go) - Ecran 90 Hz  - Son Stéréo - Bleu,"1,349.00 Dhs",https://ma.jumia.is/unsafe/fit-in/300x300/filters:fill(white)/product/94/400635/1.jpg?0921
125,"Oppo A55 (4Go+128Go)- 50MP/16MP - 5000mAh16MP - 6,51""- Starry Black","2,499.00 Dhs",https://ma.jumia.is/unsafe/fit-in/300x300/filters:fill(white)/product/61/022205/1.jpg?5044
126,Oppo A16 (4Go+64Go) 5000mAh 13MP AI Triple Caméra- HD+ Eye-care- Pearl Blue,"1,949.00 Dhs",https://ma.jumia.is/unsafe/fit-in/300x300/filters:fill(white)/product/15/820525/1.jpg?4944
127,Oppo A16 (4Go+64Go) 5000mAh 13MP AI Triple Caméra- HD+ Eye-care- Pearl Blue,"1,999.00 Dhs",https://ma.jumia.is/unsafe/fit-in/300x300/filters:fill(white)/product/41/022205/1.jpg?5044
128,Infinix Hot 12 Play X6816 128 Rom 4 Ram - Champagne Gold,"1,680.00 Dhs",https://ma.jumia.is/unsafe/fit-in/300x300/filters:fill(white)/product/14/374785/1.jpg?2388
129,"Samsung Galaxy A33 6,4"" (128GO,8GO), 5G - Bleu","3,349.00 Dhs",https://ma.jumia.is/unsafe/fit-in/300x300/filters:fill(white)/product/48/782894/1.jpg?2384
130,tripod Support  pour camera et telephone en aluminium-tripied,51.98 Dhs,https://ma.jumia.is/unsafe/fit-in/300x300/filters:fill(white)/product/09/113864/1.jpg?2609
131,Samsung Galaxy A04s (4Go Ram - 64Go ROM) - pink,"1,799.00 Dhs",https://ma.jumia.is/unsafe/fit-in/300x300/filters:fill(white)/product/69/985685/1.jpg?2129
132,"Samsung Galaxy M33 - 6.6"" - 5G - 6GB RAM+128GB ROM -Dual Sim - 50Mpx - Blue","2,550.00 Dhs",https://ma.jumia.is/unsafe/fit-in/300x300/filters:fill(white)/product/89/649585/1.jpg?3745
133,"Itel P38 Telephone 6.6"" 3G+-32Gb Ram2Gb-Double SIM 5000mAh-8Mpx-15W","1,049.00 Dhs",https://ma.jumia.is/unsafe/fit-in/300x300/filters:fill(white)/product/47/743565/1.jpg?7986
134,Honor X8 (6GB -128GB) Qualcomm Snapdragon 680 -5000 mAh - 64 MP- NFC-Silver,"2,540.00 Dhs",https://ma.jumia.is/unsafe/fit-in/300x300/filters:fill(white)/product/77/021585/1.jpg?2510
135,Samsung Galaxy A3 - 4G - 16 Go - Android 4.4 – Or,"2,749.00 Dhs",https://ma.jumia.is/unsafe/fit-in/300x300/filters:fill(white)/product/85/4058/1.jpg?6750
136,Samsung 6.5” A53 - 5G - 64 Mpx - 8Gb RAM 128Gb ROM - Android - Peach (Orange),"4,490.00 Dhs",https://ma.jumia.is/unsafe/fit-in/300x300/filters:fill(white)/product/51/781605/1.jpg?5126
137,Vivo Y22 Caméra ultra claire 50 MP-64+4Go - Helio G85- Bleu étoilé,"1,799.00 Dhs",https://ma.jumia.is/unsafe/fit-in/300x300/filters:fill(white)/product/57/792585/1.jpg?5526
138,realme Narzo 50A MOBILE PHONE RMX3430 64GB+4GB Oxygen Green,"1,749.00 Dhs",https://ma.jumia.is/unsafe/fit-in/300x300/filters:fill(white)/product/87/636384/1.jpg?8366
139,Telefunken MOBILE PHONE  TF700,129.50 Dhs,https://ma.jumia.is/unsafe/fit-in/300x300/filters:fill(white)/product/09/553735/1.jpg?8859
140,Samsung Galaxy A53 5G - 6.5'' - (8GB - 128GB)  -64MP+12MP+5MP+/32MP - Noir,"4,199.00 Dhs",https://ma.jumia.is/unsafe/fit-in/300x300/filters:fill(white)/product/53/870325/1.jpg?7776
141,"Oppo F11 Pro Avengers Edition limitée 6.5"" (6 Go,128Go)  48MP+5MP/16MP- Bleu espace","4,599.00 Dhs",https://ma.jumia.is/unsafe/fit-in/300x300/filters:fill(white)/product/26/724182/1.jpg?1864
142,"Samsung GALAXY A03 Core - 6.5"" - 2GB RAM + 32GB ROM - 48 Mpx - pink","1,109.00 Dhs",https://ma.jumia.is/unsafe/fit-in/300x300/filters:fill(white)/product/65/586675/1.jpg?4892
143,"Itel BRAND MOBILE PHONE - 6.8"" - P38Pro - 64GB ROM + 2GB RAM - Ocean Blue","1,170.00 Dhs",https://ma.jumia.is/unsafe/fit-in/300x300/filters:fill(white)/product/61/289075/1.jpg?9465
144,"Nokia 8.3 6.81"" 5G (8Go, 128Go) 64MP+12MP+2MP+2MP/24MP Android -Bleu","6,800.00 Dhs",https://ma.jumia.is/unsafe/fit-in/300x300/filters:fill(white)/product/64/587193/1.jpg?6146
145,Samsung Note 20 Ultra 8GB/256GB Mysthic White,"9,500.00 Dhs",https://ma.jumia.is/unsafe/fit-in/300x300/filters:fill(white)/product/03/133273/1.jpg?5558
146,Vivo Y22 caméra ultra claire 50 MP-64+4Go- Helio G85-  Vert Métaverse,"1,799.00 Dhs",https://ma.jumia.is/unsafe/fit-in/300x300/filters:fill(white)/product/69/992585/1.jpg?5948
147,Infinix Hot 12 Play X6816 64 Rom 4 Ram - Daylight Green,"1,599.00 Dhs",https://ma.jumia.is/unsafe/fit-in/300x300/filters:fill(white)/product/25/697685/1.jpg?0590
148,"Samsung GALAXY A03 Core - 6.5"" - 2GB RAM + 32GB ROM - 48 Mpx - Bronze","1,149.00 Dhs",https://ma.jumia.is/unsafe/fit-in/300x300/filters:fill(white)/product/42/292585/1.jpg?1563
149,"Nokia 5.1 Plus Telephone 5.8""HD 4G+ 32Gb Ram 3Go-Double SIM 3060mAh-13MP-Black","1,168.00 Dhs",https://ma.jumia.is/unsafe/fit-in/300x300/filters:fill(white)/product/81/473174/1.jpg?6449
150,"realme C11 2021 (64+4Gb) 6.5"" mini-Drop - 5000mAh - 8Mp+5Mp caméra-Bleu","1,389.00 Dhs",https://ma.jumia.is/unsafe/fit-in/300x300/filters:fill(white)/product/67/731315/1.jpg?6410
151,"Tecno W5 - 5.5"" - 4G/Dual SIM - 16 Go - 1 Go Ram - Android 6.0 - Gris","1,599.00 Dhs",https://ma.jumia.is/unsafe/fit-in/300x300/filters:fill(white)/product/45/948081/1.jpg?6357
152,"Nokia C10 Telephone 6.5""HD 1G+ 32Gb Ram1Gb-Double SIM 3000mAh-5MP-Grand Ecran-Grey",978.00 Dhs,https://ma.jumia.is/unsafe/fit-in/300x300/filters:fill(white)/product/75/352235/1.jpg?6932
153,"realme C30 MOBILE PHONE RMX3581 - 6.5"" - 2GB RAM + 32GB ROM - Bamboo Green","1,149.00 Dhs",https://ma.jumia.is/unsafe/fit-in/300x300/filters:fill(white)/product/41/389485/1.jpg?5528
154,"Huawei nova Y70 - 6,75"" - 4GB+128GB - Crystal Blue Dual Card","2,182.95 Dhs",https://ma.jumia.is/unsafe/fit-in/300x300/filters:fill(white)/product/83/372585/1.jpg?6625
155,Infinix Hot 12 Play X6816 128 Rom 4 Ram - Racing Black,"1,680.00 Dhs",https://ma.jumia.is/unsafe/fit-in/300x300/filters:fill(white)/product/69/564785/1.jpg?9018
156,"Samsung Galaxy S21 Plus 5G ( 256 Go, 8Go ) Android 12  Phantom Black 6.7"" - Remis à Neuf","6,450.00 Dhs",https://ma.jumia.is/unsafe/fit-in/300x300/filters:fill(white)/product/56/980835/1.jpg?2680
157,"Samsung Galaxy S21 5G ( 128Go, 8Go ) Phantom Gray 6.2"" Neuf / 1an de Garantie","5,799.00 Dhs",https://ma.jumia.is/unsafe/fit-in/300x300/filters:fill(white)/product/43/485374/1.jpg?0098
158,Oppo A16 (4Go - 64 Go) - Ecran 90 Hz - Batterie 5000 mAh - Son Stéréo - Noir,"1,890.00 Dhs",https://ma.jumia.is/unsafe/fit-in/300x300/filters:fill(white)/product/37/020384/1.jpg?5388
159,"Samsung Galaxy M23 5G - 6.6"" - 4GB RAM+128GB ROM - 50Mpx - Light Blue","2,399.00 Dhs",https://ma.jumia.is/unsafe/fit-in/300x300/filters:fill(white)/product/16/837285/1.jpg?8444
160,Samsung Galaxy A04s (4Go Ram - 64Go ROM) - Noir,"1,799.00 Dhs",https://ma.jumia.is/unsafe/fit-in/300x300/filters:fill(white)/product/74/195685/1.jpg?3385
161,"XIAOMI Redmi 9C 6.53"" (4Go - 128Go) 13MP+2MP+2MP/5MP Android - Noir + Band + Écouteur","1,799.00 Dhs",https://ma.jumia.is/unsafe/fit-in/300x300/filters:fill(white)/product/53/794794/1.jpg?2328
162,"Samsung Galaxy M33 - 6.6"" - 5G - 6GB RAM+128GB ROM -Dual Sim - 50Mpx - Vert","2,550.00 Dhs",https://ma.jumia.is/unsafe/fit-in/300x300/filters:fill(white)/product/88/649585/1.jpg?3567
163,Infinix Hot 12 Play X6816 64 Rom 4 Ram - Champagne Gold,"1,599.00 Dhs",https://ma.jumia.is/unsafe/fit-in/300x300/filters:fill(white)/product/94/697685/1.jpg?0589
164,Oppo A16K (3Go - 32 Go) - Ecran 90 Hz - Batterie 5000 mAh - Son Stéréo - Bleu,"1,389.00 Dhs",https://ma.jumia.is/unsafe/fit-in/300x300/filters:fill(white)/product/33/231115/1.jpg?1626
165,Vivo Y02s (5 000 mAh  Batterie longue durée-3 RAM +  32 Go de ROM- Noir),"1,449.00 Dhs",https://ma.jumia.is/unsafe/fit-in/300x300/filters:fill(white)/product/09/277685/1.jpg?9986
166,"Itel BRAND MOBILE PHONE - 6.6"" - A58 16Go + 1Go - 5 Mpx - Sky Cyan",829.00 Dhs,https://ma.jumia.is/unsafe/fit-in/300x300/filters:fill(white)/product/07/871605/1.jpg?4712
167,"Samsung Galaxy M13 - 6.6"" - 4GB RAM + 128GB ROM – 50Mpx – Light Blue","2,149.00 Dhs",https://ma.jumia.is/unsafe/fit-in/300x300/filters:fill(white)/product/46/837285/1.jpg?8021
168,Samsung Galaxy A04s (4Go Ram - 64Go ROM) - vert,"1,699.00 Dhs",https://ma.jumia.is/unsafe/fit-in/300x300/filters:fill(white)/product/63/195685/1.jpg?3265
169,"Huawei Y5P 5.45"" (2Go, 32Go) 8MP/5MP Android - Dual Sim- Vert","1,099.00 Dhs",https://ma.jumia.is/unsafe/fit-in/300x300/filters:fill(white)/product/36/535904/1.jpg?0464
170,"Alcatel Smartphone 4G 6.22"" Gsm 1v-Dual SIM-13MP-32GB-RAM2GB-Empreinte- pine green","1,149.00 Dhs",https://ma.jumia.is/unsafe/fit-in/300x300/filters:fill(white)/product/75/272585/1.jpg?6388
171,"realme C11 (64+4 Gb) 6.5"" -Dual Sim - 5000mAh - 13Mp+2Mp AI double caméra - Gris","1,399.00 Dhs",https://ma.jumia.is/unsafe/fit-in/300x300/filters:fill(white)/product/87/278885/1.jpg?2226
172,Oppo A 54S (4Go - 128 Go) - Ecran 90 Hz - Batterie 5000 mAh - Son Stéréo - Noir,"2,090.00 Dhs",https://ma.jumia.is/unsafe/fit-in/300x300/filters:fill(white)/product/97/427285/1.jpg?3324
173,"Samsung GALAXY A03 Core - 6.5"" - 2GB RAM + 32GB ROM - 48 Mpx - pink","1,109.00 Dhs",https://ma.jumia.is/unsafe/fit-in/300x300/filters:fill(white)/product/12/977685/1.jpg?4441
174,"Samsung Galaxy A13 6.6"" LTE 4GB RAM + 128GB ROM 50 Mpx - Blue","2,249.00 Dhs",https://ma.jumia.is/unsafe/fit-in/300x300/filters:fill(white)/product/01/697685/1.jpg?9572
175,"support de téléphone de voiture multifonctionnel pour rétroviseur , Noir",58.00 Dhs,https://ma.jumia.is/unsafe/fit-in/300x300/filters:fill(white)/product/53/038425/1.jpg?6415
176,"realme C30 MOBILE PHONE RMX3581 - 6.5"" - 2GB RAM + 32GB ROM - Bamboo Green","1,199.00 Dhs",https://ma.jumia.is/unsafe/fit-in/300x300/filters:fill(white)/product/30/697685/1.jpg?9388
177,"XIAOMI Redmi A1+ (32GO,2GO)-Noir","1,249.00 Dhs",https://ma.jumia.is/unsafe/fit-in/300x300/filters:fill(white)/product/00/011585/1.jpg?4882
178,"Vivo Y01 (2Go,32Go) 5000mAh - Bleu","1,175.00 Dhs",https://ma.jumia.is/unsafe/fit-in/300x300/filters:fill(white)/product/67/595685/1.jpg?7348
179,XIAOMI Redmi 10C (4GB -128GB) Snapdragon 680 - 5000 mAh-50 MP - Gris - Band + Écouteur,"1,999.00 Dhs",https://ma.jumia.is/unsafe/fit-in/300x300/filters:fill(white)/product/34/527285/1.jpg?4104
180,Samsung Galaxy A04S - 4G - 6.5’’- 4Go / 64Go - 50MP - 5000mAh - Noir + Écouteur + Watch,"1,899.00 Dhs",https://ma.jumia.is/unsafe/fit-in/300x300/filters:fill(white)/product/35/995685/1.jpg?7667
181,"Itel BRAND MOBILE PHONE - 6.8"" - P38Pro - 64GB ROM + 4GB RAM - Mint Green","1,370.00 Dhs",https://ma.jumia.is/unsafe/fit-in/300x300/filters:fill(white)/product/81/289075/1.jpg?9465
182,"Itel BRAND MOBILE PHONE - 6.8"" - P38Pro - 64GB ROM + 4GB RAM - Ocean Blue","1,370.00 Dhs",https://ma.jumia.is/unsafe/fit-in/300x300/filters:fill(white)/product/91/289075/1.jpg?9467
183,Vivo Y15s (3/32Go) - 5000mAh Vert océan,"1,329.00 Dhs",https://ma.jumia.is/unsafe/fit-in/300x300/filters:fill(white)/product/39/697385/1.jpg?0507
184,"Samsung Galaxy A03 Core - 6,5"" - 2Go RAM - 32Go ROM -onyx black","1,099.00 Dhs",https://ma.jumia.is/unsafe/fit-in/300x300/filters:fill(white)/product/66/313785/1.jpg?9445
185,"XIAOMI Redmi Note 11 - FHD+ de 6,5 ’’(6Go, 128Go) - 50MP- Gris - Band + Écouteur","2,549.00 Dhs",https://ma.jumia.is/unsafe/fit-in/300x300/filters:fill(white)/product/49/675685/1.jpg?0245
186,"XIAOMI Redmi Note 10S 6,43"" (6Go, 128Go) - 64MP - Android 11 - Gris + Band + Écouteur","2,699.00 Dhs",https://ma.jumia.is/unsafe/fit-in/300x300/filters:fill(white)/product/71/006685/1.jpg?8605
187,"Samsung Galaxy A03 - 6,5' HD+  4Go Ram - 128Go - 48MP- 5000 mAh - Bleu + Band + Écouteur","1,849.00 Dhs",https://ma.jumia.is/unsafe/fit-in/300x300/filters:fill(white)/product/63/864345/1.jpg?1957
188,Samsung Galaxy A52S - 5G - 6.5'' - (6GB - 128GB) - 64MP / 32MP - Blanc + Band + Écouteur,"4,400.00 Dhs",https://ma.jumia.is/unsafe/fit-in/300x300/filters:fill(white)/product/27/963685/1.jpg?3725
189,"XIAOMI Redmi Note 11 Pro - FHD+ 6,67’’ - (6Go, 128Go) -108MP- Blanc - Band + Écouteur","3,099.00 Dhs",https://ma.jumia.is/unsafe/fit-in/300x300/filters:fill(white)/product/50/406985/1.jpg?5689
190,"XIAOMI Redmi 10 - 4G - 6.5"" - (4Go, 64Go) - 50MP/8MP - Android - Gris + Band + Écouteur","1,899.00 Dhs",https://ma.jumia.is/unsafe/fit-in/300x300/filters:fill(white)/product/32/864345/1.jpg?1958
191,"Samsung Galaxy A13 6.6"" LTE 4GB RAM + 64GB ROM 50 Mpx - Bleu + Écouteur + Smart Watch","2,099.00 Dhs",https://ma.jumia.is/unsafe/fit-in/300x300/filters:fill(white)/product/52/187685/1.jpg?6585
192,"XIAOMI Redmi Note 11 6,5"" (6Go, 128Go) - 50MP/8MP - Bleu - Band + Écouteur","2,480.00 Dhs",https://ma.jumia.is/unsafe/fit-in/300x300/filters:fill(white)/product/96/894685/1.jpg?3020
193,Oppo A16K (4Go - 64 Go) - Ecran 90 Hz - Batterie 5000 mAh - Son Stéréo - Noir,"1,749.00 Dhs",https://ma.jumia.is/unsafe/fit-in/300x300/filters:fill(white)/product/95/806935/1.jpg?7248
194,Huawei nova 9 SE 8GB+128GB Crystal Blue,"2,847.00 Dhs",https://ma.jumia.is/unsafe/fit-in/300x300/filters:fill(white)/product/09/830625/1.jpg?8422
195,STG Telecom X20   64gb et 4gb ram 16mp et 32mp  noir,"1,999.00 Dhs",https://ma.jumia.is/unsafe/fit-in/300x300/filters:fill(white)/product/13/752793/1.jpg?5004
196,Samsung 6.5” A53 - 5G - 64 Mpx - 8Gb RAM 128Gb ROM - Android - Blanc,"4,399.00 Dhs",https://ma.jumia.is/unsafe/fit-in/300x300/filters:fill(white)/product/13/864345/1.jpg?1957
197,"Samsung Galaxy A13 6.6"" LTE 4GB RAM + 64GB ROM 50 Mpx - Blanc + Écouteur + Smart Watch","2,099.00 Dhs",https://ma.jumia.is/unsafe/fit-in/300x300/filters:fill(white)/product/82/187685/1.jpg?6641
198,"Zatec Joy Plus  4G - 6.2"" - 2GB+16GB - Face ID & Fingerprint Identification - Android 8.1 - Noir","1,299.00 Dhs",https://ma.jumia.is/unsafe/fit-in/300x300/filters:fill(white)/product/79/323443/1.jpg?6664
199,Samsung GALAXY M52- 5G – 128Go ROM - 8Go Ram - 64 Mpx - Android - Blanc,"3,899.00 Dhs",https://ma.jumia.is/unsafe/fit-in/300x300/filters:fill(white)/product/33/864345/1.jpg?1957
200,"Baseus Support de téléphone magnétique pour voiture, chargeur sans fil pour iPhone 14 13 12 Pro Max",499.00 Dhs,https://ma.jumia.is/unsafe/fit-in/300x300/filters:fill(white)/product/44/953275/1.jpg?8548
201,"Nokia 110 - 2.4"" - Dual Sim - Noir",210.50 Dhs,https://ma.jumia.is/unsafe/fit-in/300x300/filters:fill(white)/product/84/010484/1.jpg?8032
202,"Support de plancher de rotation de 360 ​​degrés, pour prière quran",145.00 Dhs,https://ma.jumia.is/unsafe/fit-in/300x300/filters:fill(white)/product/17/258444/1.jpg?4959
203,"Power Bank Chargeur Solaire 4 Panneaux Solaires Pliable sans Fil, USB + Étanche",349.00 Dhs,https://ma.jumia.is/unsafe/fit-in/300x300/filters:fill(white)/product/36/927385/1.jpg?5446
204,Support téléphone Mobile universel support pour téléphone portable collier,55.00 Dhs,https://ma.jumia.is/unsafe/fit-in/300x300/filters:fill(white)/product/20/828404/1.jpg?2093
205,Logicom Téléphone Sans fil - VEGA 150 Mono,240.00 Dhs,https://ma.jumia.is/unsafe/fit-in/300x300/filters:fill(white)/product/48/087685/1.jpg?6348
206,"Nokia 5.1 Plus Telephone 5.8""HD 4G+ 32Gb Ram 3Go-Double SIM 3060mAh-13MP-Black","1,168.00 Dhs",https://ma.jumia.is/unsafe/fit-in/300x300/filters:fill(white)/product/81/473174/1.jpg?6449
207,"XIAOMI Mi 10T 6.67"" (8Go, 128Go) 64MP+13MP+5MP/20MP Android 10 - Noir","4,699.00 Dhs",https://ma.jumia.is/unsafe/fit-in/300x300/filters:fill(white)/product/98/709193/1.jpg?0665
208,Support pliable Pour téléphone Supports de téléphone Pour bureau,189.00 Dhs,https://ma.jumia.is/unsafe/fit-in/300x300/filters:fill(white)/product/77/071474/1.jpg?7206
209,Chargeur et  Support Téléphone Sans Fil Avec Capteur Mouvement Infrarouge QI C10,159.00 Dhs,https://ma.jumia.is/unsafe/fit-in/300x300/filters:fill(white)/product/89/995764/1.jpg?9061
210,Chargeur ultra rapide USB Type-C 25W fast charge,135.00 Dhs,https://ma.jumia.is/unsafe/fit-in/300x300/filters:fill(white)/product/96/940094/1.jpg?6762
211,XIAOMI Redmi 10C (4GB -128GB) Snapdragon 680 -5000 mAh-50 MP- NFC-Vert+Kit+ Band,"1,990.00 Dhs",https://ma.jumia.is/unsafe/fit-in/300x300/filters:fill(white)/product/61/572585/1.jpg?8305
212,Mini Trépied support aluminium pour téléphone caméra Webcam 22cm et rotation à 360°,30.00 Dhs,https://ma.jumia.is/unsafe/fit-in/300x300/filters:fill(white)/product/09/701715/1.jpg?9292
213,Nokia 3310(2017) Dual SIM Bluetooth Cellphone-Gray,267.99 Dhs,https://ma.jumia.is/unsafe/fit-in/300x300/filters:fill(white)/product/71/262494/1.jpg?8339
214,Support de téléphone antidérapant magique pour tableau de bord de voiture,49.90 Dhs,https://ma.jumia.is/unsafe/fit-in/300x300/filters:fill(white)/product/42/854145/1.jpg?8946
215,"Support de téléphone voiture multifonctionnel  pour rétroviseur, rotatif à 360 degrés",59.00 Dhs,https://ma.jumia.is/unsafe/fit-in/300x300/filters:fill(white)/product/74/769185/1.jpg?4793
216,"Baseus Chargeur de voiture Allume Cigare 65W, Sortie USB et Type-C + Cable 100W",286.00 Dhs,https://ma.jumia.is/unsafe/fit-in/300x300/filters:fill(white)/product/90/825774/1.jpg?8912
217,Samsung Pochette Original Clear View Cover Gris Galaxy Note 10 - 6.3 pouces,99.00 Dhs,https://ma.jumia.is/unsafe/fit-in/300x300/filters:fill(white)/product/93/623784/1.jpg?9443
218,Olaf Chargeur  Fast Voiture 3A 2 Ports QC Quick Charge 2.0 USB  3A Chargement Rapide,29.00 Dhs,https://ma.jumia.is/unsafe/fit-in/300x300/filters:fill(white)/product/38/802073/1.jpg?2599
219,"Oppo RENO 7 - 6,4"" - 8Go RAM + 256Go ROM - Cosmic  Black","3,979.00 Dhs",https://ma.jumia.is/unsafe/fit-in/300x300/filters:fill(white)/product/73/441625/1.jpg?2504
220,Chargeur De Téléphone Portable Pour Voiture Sans Fil Support De Téléphone-Or,86.00 Dhs,https://ma.jumia.is/unsafe/fit-in/300x300/filters:fill(white)/product/79/085155/1.jpg?6540
221,"Oppo A96 (8Go+ 256Go)- 6,59"" FHD+ 90Hz- 5000mAh+33W - 50MP- RAM+ Starry Black","3,399.00 Dhs",https://ma.jumia.is/unsafe/fit-in/300x300/filters:fill(white)/product/37/101405/1.jpg?0794
222,XIAOMI Redmi 10C (4GB -128GB) Snapdragon 680 - 5000 mAh-50 MP - Gris - Band + Écouteur,"1,999.00 Dhs",https://ma.jumia.is/unsafe/fit-in/300x300/filters:fill(white)/product/90/755585/1.jpg?6704
223,Infinix Hot 12 Play X6816 128 Rom 4 Ram - Daylight Green,"1,650.00 Dhs",https://ma.jumia.is/unsafe/fit-in/300x300/filters:fill(white)/product/79/564785/1.jpg?9018
224,"Infinix SMART 6 PLUS X6823 - 6,82"" - 64GB ROM + 2GB RAM - Tranquil Sea Blue","1,299.00 Dhs",https://ma.jumia.is/unsafe/fit-in/300x300/filters:fill(white)/product/71/389485/1.jpg?5528
225,Étui Protecteur en silicone pour AirPods - Case protection Airpods - iPhone,38.00 Dhs,https://ma.jumia.is/unsafe/fit-in/300x300/filters:fill(white)/product/74/841934/1.jpg?9150
226,Oppo A16K (3Go - 32 Go) - Ecran 90 Hz  - Son Stéréo - Bleu,"1,349.00 Dhs",https://ma.jumia.is/unsafe/fit-in/300x300/filters:fill(white)/product/94/400635/1.jpg?0921
227,VR Box Lunettes de réalité virtuelle 3D 2.0 SMART téléphone,163.00 Dhs,https://ma.jumia.is/unsafe/fit-in/300x300/filters:fill(white)/product/60/751325/1.jpg?6759
228,"Oppo A76 6,56"" 6Go RAM + 128Go ROM - Glowing Black","2,749.00 Dhs",https://ma.jumia.is/unsafe/fit-in/300x300/filters:fill(white)/product/20/296605/1.jpg?0370
229,Pochette pour Xiaomi Redmi Note10 pro flip cover Gold  UNV,79.00 Dhs,https://ma.jumia.is/unsafe/fit-in/300x300/filters:fill(white)/product/84/052114/1.jpg?1132
230,Samsung Galaxy A53 5G - 6.5'' - (8GB - 128GB)  -64MP+12MP+5MP+/32MP - Rose,"4,199.00 Dhs",https://ma.jumia.is/unsafe/fit-in/300x300/filters:fill(white)/product/85/816325/1.jpg?1758
231,Samsung Galaxy A52S - 5G - 6.5'' - (8GB - 256GB)  -64MP+12MP+5MP/32MP- 5G -Blanc,"4,590.00 Dhs",https://ma.jumia.is/unsafe/fit-in/300x300/filters:fill(white)/product/36/294364/1.jpg?6659
232,Pochette For Samsung Galaxy A03s Case - Noir,129.00 Dhs,https://ma.jumia.is/unsafe/fit-in/300x300/filters:fill(white)/product/35/517285/1.jpg?7565
233,"Itel BRAND MOBILE PHONE 6,3"" -  A58 LITE - 32GB ROM - 2GB RAM - Wave Blue",819.00 Dhs,https://ma.jumia.is/unsafe/fit-in/300x300/filters:fill(white)/product/01/289075/1.jpg?9465
234,Support de téléphone réglable pour rétroviseur universel à 360 degrés,77.00 Dhs,https://ma.jumia.is/unsafe/fit-in/300x300/filters:fill(white)/product/83/752565/1.jpg?8740
235,Samsung Galaxy A04s (4Go Ram - 64Go ROM) - pink,"1,799.00 Dhs",https://ma.jumia.is/unsafe/fit-in/300x300/filters:fill(white)/product/69/985685/1.jpg?2129
236,support caméra telephone en d'aluminium trépied pro TRIPOD MULTIFONCTION,189.00 Dhs,https://ma.jumia.is/unsafe/fit-in/300x300/filters:fill(white)/product/87/575665/1.jpg?9424
237,"Nokia XR20 6.67"" 5G (6Go, 128Go) 48MP+13MP/8MP Android - Gris","5,990.00 Dhs",https://ma.jumia.is/unsafe/fit-in/300x300/filters:fill(white)/product/33/655424/1.jpg?0628
238,Support de écran d'ordinateur portable en alliage d'aluminium,119.00 Dhs,https://ma.jumia.is/unsafe/fit-in/300x300/filters:fill(white)/product/68/759073/1.jpg?2568
239,Pochette Pour Samsung A32 view Mir  Leather  bleu,69.00 Dhs,https://ma.jumia.is/unsafe/fit-in/300x300/filters:fill(white)/product/94/163224/1.jpg?6954
240,Support universel ajustable 360° pour rétroviseur intérieur de voiture,59.00 Dhs,https://ma.jumia.is/unsafe/fit-in/300x300/filters:fill(white)/product/49/194684/1.jpg?8884
241,Support de écran d'ordinateur portable en alliage d'aluminium,119.00 Dhs,https://ma.jumia.is/unsafe/fit-in/300x300/filters:fill(white)/product/68/759073/1.jpg?2568
242,Pochette Pour Samsung A32 view Mir  Leather  bleu,69.00 Dhs,https://ma.jumia.is/unsafe/fit-in/300x300/filters:fill(white)/product/94/163224/1.jpg?6954
243,Vivo Y33s (4/128) 50MP + 5000mAh 18W Noir miroir + Cadeaux- 1 an de Garantie,"2,299.00 Dhs",https://ma.jumia.is/unsafe/fit-in/300x300/filters:fill(white)/product/63/407584/1.jpg?2566
244,"Support de tablette iPad de bureau et Casque ,Support stable et anti-basculement",119.00 Dhs,https://ma.jumia.is/unsafe/fit-in/300x300/filters:fill(white)/product/05/900245/1.jpg?2569
245,Aya Support magnétique de téléphone portable pour voiture rotation 360° AY-016,34.00 Dhs,https://ma.jumia.is/unsafe/fit-in/300x300/filters:fill(white)/product/61/528235/1.jpg?3060
246,Telefunken TB 201 Telephone Sans Fil Originale,269.00 Dhs,https://ma.jumia.is/unsafe/fit-in/300x300/filters:fill(white)/product/85/932814/1.jpg?2443
247,For SAMSUNG galaxy S21 case Flip cover,119.00 Dhs,https://ma.jumia.is/unsafe/fit-in/300x300/filters:fill(white)/product/45/712365/1.jpg?4339
248,support de téléphone voiture Ventilation,18.75 Dhs,https://ma.jumia.is/unsafe/fit-in/300x300/filters:fill(white)/product/83/367714/1.jpg?0869
249,"Panasonic TG5776S 5,8 GHz Numérique Lcd Téléphone sans fil Répondeur intégré Main libre",559.00 Dhs,https://ma.jumia.is/unsafe/fit-in/300x300/filters:fill(white)/product/13/179324/1.jpg?5245
250,Support universel pour tablette et smartphones à bras long flexible à 360 degrés,239.00 Dhs,https://ma.jumia.is/unsafe/fit-in/300x300/filters:fill(white)/product/35/752273/1.jpg?1908
251,"XIAOMI Redmi 10 - 4G - 6.5"" - (4Go, 64Go) - 50MP/8MP - Android - Gris + Band + Écouteur","1,899.00 Dhs",https://ma.jumia.is/unsafe/fit-in/300x300/filters:fill(white)/product/32/864345/1.jpg?1958
252,Support universel pour tablette et smartphones à bras long flexible à 360 degrés,189.00 Dhs,https://ma.jumia.is/unsafe/fit-in/300x300/filters:fill(white)/product/23/425685/1.jpg?2205
253,Ring Light pour Makeup Artist YouTuber + triépied gratuit,195.00 Dhs,https://ma.jumia.is/unsafe/fit-in/300x300/filters:fill(white)/product/55/328093/1.jpg?8524
254,Baseus support de téléphone portable pour voiture avec Base d'aspiration,259.00 Dhs,https://ma.jumia.is/unsafe/fit-in/300x300/filters:fill(white)/product/45/058075/1.jpg?0706
255,"Oppo A55 (4Go+128Go)- 50MP/16MP - 5000mAh16MP - 6,51""- Starry Black","2,499.00 Dhs",https://ma.jumia.is/unsafe/fit-in/300x300/filters:fill(white)/product/61/022205/1.jpg?5044
256,realme Narzo 50A MOBILE PHONE RMX3430 64GB+4GB Oxygen Green,"1,749.00 Dhs",https://ma.jumia.is/unsafe/fit-in/300x300/filters:fill(white)/product/87/636384/1.jpg?8366
257,Samsung Galaxy A53 5G - 6.5'' - (8GB - 128GB)  -64MP+12MP+5MP+/32MP - Noir,"4,199.00 Dhs",https://ma.jumia.is/unsafe/fit-in/300x300/filters:fill(white)/product/53/870325/1.jpg?7776
258,Smart Mirror Flip Phone Case For Samsung S20 Plus Clear View Cover,119.00 Dhs,https://ma.jumia.is/unsafe/fit-in/300x300/filters:fill(white)/product/12/928035/1.jpg?2295
259,"Support Téléphone Voiture Magnétique,Porte téléphone pour voiture",39.00 Dhs,https://ma.jumia.is/unsafe/fit-in/300x300/filters:fill(white)/product/89/253565/1.jpg?4346
260,Support de téléphone de voiture Flexible + Sticker Choose + Bracelet Hope,39.00 Dhs,https://ma.jumia.is/unsafe/fit-in/300x300/filters:fill(white)/product/32/168285/1.jpg?5526
261,Pochette XIAOMI REDMI Note10 Pro bleu Mirror Sp,69.00 Dhs,https://ma.jumia.is/unsafe/fit-in/300x300/filters:fill(white)/product/29/756114/1.jpg?0740
262,Trépied Support De Téléphone Professionnel Stand Universel 360°,37.00 Dhs,https://ma.jumia.is/unsafe/fit-in/300x300/filters:fill(white)/product/30/635823/1.jpg?1625
263,Earphone Silicone Case for AirPods 1 2,43.00 Dhs,https://ma.jumia.is/unsafe/fit-in/300x300/filters:fill(white)/product/77/371624/1.jpg?1980
264,XIAOMI Redmi 10C (4GB -128GB) Snapdragon 680 - 5000 mAh-50 MP - Gris - Band + Écouteur,"1,999.00 Dhs",https://ma.jumia.is/unsafe/fit-in/300x300/filters:fill(white)/product/34/527285/1.jpg?4104
265,For OPPO Reno 7 Flip Smart Platine Stand Phone Cover,129.00 Dhs,https://ma.jumia.is/unsafe/fit-in/300x300/filters:fill(white)/product/02/712365/1.jpg?4346
266,Nokia Téléphone 5310 -DaulSIM Moderne Appareil photo VGA flash-noir/rouge (2020),259.00 Dhs,https://ma.jumia.is/unsafe/fit-in/300x300/filters:fill(white)/product/77/120685/1.jpg?3662
267,Clear View Pochetcoque Clapet Samsung A32 Noir,55.00 Dhs,https://ma.jumia.is/unsafe/fit-in/300x300/filters:fill(white)/product/29/408825/1.jpg?6771
268,Lampe annulaire LED Ring Light avec trépied et support pour téléphone,201.00 Dhs,https://ma.jumia.is/unsafe/fit-in/300x300/filters:fill(white)/product/27/296945/1.jpg?5737
269,"Support Téléphone Voiture Magnétique,Porte téléphone - rouge",39.00 Dhs,https://ma.jumia.is/unsafe/fit-in/300x300/filters:fill(white)/product/01/917375/1.jpg?3710
270,Pochette Xiaomi 12 Pro Etui en Cuir Marron & Plexiglass Coque Antichoc,199.00 Dhs,https://ma.jumia.is/unsafe/fit-in/300x300/filters:fill(white)/product/78/046045/1.jpg?0083
271,Logicom P-198e - Radio FM - LED Lamp + cart SIM,122.00 Dhs,https://ma.jumia.is/unsafe/fit-in/300x300/filters:fill(white)/product/21/723155/1.jpg?0453
272,Samsung etui a Clear View  pour Samsung Galaxy NOTE 10 BLACK,99.00 Dhs,https://ma.jumia.is/unsafe/fit-in/300x300/filters:fill(white)/product/39/667193/1.jpg?0669
273,Pochett flip cover Pour Samsung Galaxy A51 Mraya Noir,75.00 Dhs,https://ma.jumia.is/unsafe/fit-in/300x300/filters:fill(white)/product/19/143735/1.jpg?7029
274,Trépied et Tripod Support Flexible Pour Samsung Galaxy /iPhone HTC /Huawei/ Oppo,42.00 Dhs,https://ma.jumia.is/unsafe/fit-in/300x300/filters:fill(white)/product/87/452423/1.jpg?2167
275,Support de chargeur magnétique sans fil 15W pour voiture pour téléphone Sans Fil,199.00 Dhs,https://ma.jumia.is/unsafe/fit-in/300x300/filters:fill(white)/product/72/166945/1.jpg?1050
276,"Itel BRAND MOBILE PHONE - 6.8"" - P38Pro - 64GB ROM + 2GB RAM - Ocean Blue","1,170.00 Dhs",https://ma.jumia.is/unsafe/fit-in/300x300/filters:fill(white)/product/61/289075/1.jpg?9465
277,Oppo A16 (4Go+64Go) 5000mAh 13MP AI Triple Caméra- HD+ Eye-care- Pearl Blue,"1,999.00 Dhs",https://ma.jumia.is/unsafe/fit-in/300x300/filters:fill(white)/product/41/022205/1.jpg?5044
278,Trépied Flexible  Noir tripod Support Selfie 360° caméra telephone gopro,39.00 Dhs,https://ma.jumia.is/unsafe/fit-in/300x300/filters:fill(white)/product/15/318193/1.jpg?0803
279,trépied 3366 professionnel tripod léger pour caméra et telephone en aluminium,158.99 Dhs,https://ma.jumia.is/unsafe/fit-in/300x300/filters:fill(white)/product/67/365493/1.jpg?7431
280,"Support Téléphone Voiture Magnétique,Porte téléphone",49.00 Dhs,https://ma.jumia.is/unsafe/fit-in/300x300/filters:fill(white)/product/39/813835/1.jpg?7010
281,trépied 3366 professionnel tripod léger pour caméra et telephone en aluminium,158.99 Dhs,https://ma.jumia.is/unsafe/fit-in/300x300/filters:fill(white)/product/67/365493/1.jpg?7431
282,Samsung B310E (White),230.00 Dhs,https://ma.jumia.is/unsafe/fit-in/300x300/filters:fill(white)/product/46/141835/1.jpg?8552
283,Samsung Mobile SM-B310 Double Puces,199.99 Dhs,https://ma.jumia.is/unsafe/fit-in/300x300/filters:fill(white)/product/75/179435/1.jpg?0361
284,"Samsung Galaxy A33 6,4"" (128GO,8GO), 5G - Bleu","3,349.00 Dhs",https://ma.jumia.is/unsafe/fit-in/300x300/filters:fill(white)/product/48/782894/1.jpg?2384
285,"Nokia 8.3 6.81"" 5G (8Go, 128Go) 64MP+12MP+2MP+2MP/24MP Android -Bleu","6,800.00 Dhs",https://ma.jumia.is/unsafe/fit-in/300x300/filters:fill(white)/product/64/587193/1.jpg?6146
286,"support magnétique de telephone pour  voiture "" rose""",25.00 Dhs,https://ma.jumia.is/unsafe/fit-in/300x300/filters:fill(white)/product/48/042693/1.jpg?6995
287,Tripod Support en aluminium Pour telephone trépied d'appareil photo léger portatif,67.98 Dhs,https://ma.jumia.is/unsafe/fit-in/300x300/filters:fill(white)/product/39/086014/1.jpg?9532
288,support téléphone voiture magnétique,25.00 Dhs,https://ma.jumia.is/unsafe/fit-in/300x300/filters:fill(white)/product/54/286904/1.jpg?9983
289,"Support de Telephone pour Voiture sur Rétroviseur + Siege Arriere,Réglable 360°",37.00 Dhs,https://ma.jumia.is/unsafe/fit-in/300x300/filters:fill(white)/product/57/148045/1.jpg?3964
290,pochette Pour Samsung Galaxy S22 plus standing view Noir supérieur chp,79.00 Dhs,https://ma.jumia.is/unsafe/fit-in/300x300/filters:fill(white)/product/62/821665/1.jpg?5008
291,"Samsung GALAXY A03 Core - 6.5"" - 2GB RAM + 32GB ROM - 48 Mpx - pink","1,109.00 Dhs",https://ma.jumia.is/unsafe/fit-in/300x300/filters:fill(white)/product/12/977685/1.jpg?4441
292,"Samsung Galaxy M33 - 6.6"" - 5G - 6GB RAM+128GB ROM -Dual Sim - 50Mpx - Blue","2,550.00 Dhs",https://ma.jumia.is/unsafe/fit-in/300x300/filters:fill(white)/product/89/649585/1.jpg?3745
293,Support en voiture pour téléphone tableau de bord rotatif tourne 360 dégrée,69.99 Dhs,https://ma.jumia.is/unsafe/fit-in/300x300/filters:fill(white)/product/51/773865/1.jpg?3028
294,"Support Flexible Universel pour Smartphones, téléphones Portables et liseuses Holder Cellphones and e-readers",48.99 Dhs,https://ma.jumia.is/unsafe/fit-in/300x300/filters:fill(white)/product/10/186014/1.jpg?9532
295,Pochette Pour Samsung A51 view Mir  Leather  bleu,69.00 Dhs,https://ma.jumia.is/unsafe/fit-in/300x300/filters:fill(white)/product/26/163224/1.jpg?6953
296,"Support Telephone Voiture Clip sur Tableau De Bord, GPS, Appels, Réglable, Securite Conduite - Pour Android et IOS, Samsung / Galaxy / iPhone / HTC / Huawei / Oppo",39.00 Dhs,https://ma.jumia.is/unsafe/fit-in/300x300/filters:fill(white)/product/24/965862/1.jpg?9305
297,Support de cou souple paresseux Support de téléphone titulaire Tablet PC libre rotation,38.98 Dhs,https://ma.jumia.is/unsafe/fit-in/300x300/filters:fill(white)/product/03/971324/1.jpg?3118
298,"Itel P38 Telephone 6.6"" 3G+-32Gb Ram2Gb-Double SIM 5000mAh-8Mpx-15W","1,049.00 Dhs",https://ma.jumia.is/unsafe/fit-in/300x300/filters:fill(white)/product/47/743565/1.jpg?7986
299,"Samsung GALAXY A03 Core - 6.5"" - 2GB RAM + 32GB ROM - 48 Mpx - Bronze","1,149.00 Dhs",https://ma.jumia.is/unsafe/fit-in/300x300/filters:fill(white)/product/42/292585/1.jpg?1563
300,Clear View Coque Pour Samsung Galaxy A03s Mirror Leather Case Bleu,79.00 Dhs,https://ma.jumia.is/unsafe/fit-in/300x300/filters:fill(white)/product/01/497754/1.jpg?1708
301,"Oppo A83 - 5.7"" - 64GB - 4GB - 13MP Camera - Dual SIM - 4G - Bleu","2,399.00 Dhs",https://ma.jumia.is/unsafe/fit-in/300x300/filters:fill(white)/product/08/445323/1.jpg?6916
302,Support de téléphone de voiture universel GPS 360 degrés,44.90 Dhs,https://ma.jumia.is/unsafe/fit-in/300x300/filters:fill(white)/product/85/835774/1.jpg?9947
303,case Clear View Electroplating Mirror Flip cover For SAMSUNG galaxy S22,119.00 Dhs,https://ma.jumia.is/unsafe/fit-in/300x300/filters:fill(white)/product/11/237225/1.jpg?9870
304,Logicom téléphone fix sans fil - 150 vega - mains libres - Compatible avec le BOX,259.00 Dhs,https://ma.jumia.is/unsafe/fit-in/300x300/filters:fill(white)/product/34/033474/1.jpg?5906
305,"Support Téléphone Voiture Magnétique,Porte téléphone - Gris",43.00 Dhs,https://ma.jumia.is/unsafe/fit-in/300x300/filters:fill(white)/product/94/689485/1.jpg?6426
306,Mini Scalable Desktop Telescopic Tripod Support Phone Stand Holder - Black,39.00 Dhs,https://ma.jumia.is/unsafe/fit-in/300x300/filters:fill(white)/product/03/273904/1.jpg?6605
307,Pochette Pour Samsung Galaxy s21 Mirror flip cover Noir Sp,69.00 Dhs,https://ma.jumia.is/unsafe/fit-in/300x300/filters:fill(white)/product/74/511114/1.jpg?0728
308,"realme C11 2021 (64+4Gb) 6.5"" mini-Drop - 5000mAh - 8Mp+5Mp caméra-Bleu","1,389.00 Dhs",https://ma.jumia.is/unsafe/fit-in/300x300/filters:fill(white)/product/67/731315/1.jpg?6410
309,Pochette Mraya pour Samsung A13 (4G) and support Flip cover Noir,69.00 Dhs,https://ma.jumia.is/unsafe/fit-in/300x300/filters:fill(white)/product/24/629835/1.jpg?7490
310,Oppo A16 (4Go+64Go) 5000mAh 13MP AI Triple Caméra- HD+ Eye-care- Pearl Blue,"1,949.00 Dhs",https://ma.jumia.is/unsafe/fit-in/300x300/filters:fill(white)/product/15/820525/1.jpg?4944
311,Gigaset A170 Téléphone fixe sans fil Noir,290.00 Dhs,https://ma.jumia.is/unsafe/fit-in/300x300/filters:fill(white)/product/60/496435/1.jpg?2331
312,"Nokia C10 Telephone 6.5""HD 1G+ 32Gb Ram1Gb-Double SIM 3000mAh-5MP-Grand Ecran-Grey",978.00 Dhs,https://ma.jumia.is/unsafe/fit-in/300x300/filters:fill(white)/product/75/352235/1.jpg?6932
313,Vivo Y22 Caméra ultra claire 50 MP-64+4Go - Helio G85- Bleu étoilé,"1,799.00 Dhs",https://ma.jumia.is/unsafe/fit-in/300x300/filters:fill(white)/product/57/792585/1.jpg?5526
314,"Support de Téléphone pour Tableau de Bord de Voiture , retréviseur, Gris",59.00 Dhs,https://ma.jumia.is/unsafe/fit-in/300x300/filters:fill(white)/product/03/038425/1.jpg?7889
315,Pochette clapet pour Samsung Galaxy Note10 plus Mirroir - Noir,89.00 Dhs,https://ma.jumia.is/unsafe/fit-in/300x300/filters:fill(white)/product/91/793114/1.jpg?5130
316,Support 360° de montage Long Neck One Touch pour tous les smartphones,69.00 Dhs,https://ma.jumia.is/unsafe/fit-in/300x300/filters:fill(white)/product/84/297155/1.jpg?1369
317,Pochette Airpods 3,67.00 Dhs,https://ma.jumia.is/unsafe/fit-in/300x300/filters:fill(white)/product/25/260955/1.jpg?5575
318,A7-2018 SAMSUNG POCHETTE VIEW COVER,59.00 Dhs,https://ma.jumia.is/unsafe/fit-in/300x300/filters:fill(white)/product/45/281615/1.jpg?9887
319,"Huawei nova Y70 - 6,75"" - 4GB+128GB - Crystal Blue Dual Card","2,182.95 Dhs",https://ma.jumia.is/unsafe/fit-in/300x300/filters:fill(white)/product/83/372585/1.jpg?6625
320,case Clear View Electroplating Mirror Flip SAMSUNG galaxy S21 Plus cover For,89.00 Dhs,https://ma.jumia.is/unsafe/fit-in/300x300/filters:fill(white)/product/09/972625/1.jpg?1268
321,"Oppo A83 - 5.7"" - 64GB - 4GB - 13MP Camera - Dual SIM - 4G - Rouge","2,399.00 Dhs",https://ma.jumia.is/unsafe/fit-in/300x300/filters:fill(white)/product/18/445323/1.jpg?6916
322,Pochette Mraya pour Samsung A23 (4G) and support Flip cover Noir,69.00 Dhs,https://ma.jumia.is/unsafe/fit-in/300x300/filters:fill(white)/product/34/629835/1.jpg?7491
323,pochette Samsung Galaxy s8 plus Mraya  Noir,79.00 Dhs,https://ma.jumia.is/unsafe/fit-in/300x300/filters:fill(white)/product/99/097844/1.jpg?9948
324,Pochette pour Samsung Galaxy A12 - Gold,89.00 Dhs,https://ma.jumia.is/unsafe/fit-in/300x300/filters:fill(white)/product/08/702114/1.jpg?3789
325,Pochette Pour Samsung A12 view Mir  Leather  bleu,79.00 Dhs,https://ma.jumia.is/unsafe/fit-in/300x300/filters:fill(white)/product/55/163224/1.jpg?6954
326,Support magnétique pour téléphone Mobile,69.00 Dhs,https://ma.jumia.is/unsafe/fit-in/300x300/filters:fill(white)/product/94/643725/1.jpg?8327
327,"Support Telephone Voiture Clip sur Tableau De Bord, GPS, Appels, Réglable, Securite Conduite",49.99 Dhs,https://ma.jumia.is/unsafe/fit-in/300x300/filters:fill(white)/product/87/602824/1.jpg?1600
328,Support Magnétique pour Smartphone Rotatif pour Voiture Tableau de Bord Téléphone Aimant Mural cuisine (Silver &Noir),49.00 Dhs,https://ma.jumia.is/unsafe/fit-in/300x300/filters:fill(white)/product/14/693974/1.jpg?6354
329,OPPO Reno 6z Plating Leather Case - Blue,119.00 Dhs,https://ma.jumia.is/unsafe/fit-in/300x300/filters:fill(white)/product/30/415065/1.jpg?8152
330,Motorola Telephone Fixe E201 sans fil numerique / Fixed Wireless Telephone,359.00 Dhs,https://ma.jumia.is/unsafe/fit-in/300x300/filters:fill(white)/product/96/274274/1.jpg?5521
331,"Samsung Galaxy S21 Plus 5G ( 128Go, 8Go ) Android 12  Phantom violet 6.7"" - Remis à Neuf","6,380.00 Dhs",https://ma.jumia.is/unsafe/fit-in/300x300/filters:fill(white)/product/64/808615/1.jpg?0970
332,Pochette pour Samsung Galaxy S20 Plus - Noir,119.00 Dhs,https://ma.jumia.is/unsafe/fit-in/300x300/filters:fill(white)/product/84/878755/1.jpg?5943
333,"Ring 26cm/10""Selfie Ring Light with Tripod Stand & Cell Phone Holder for Live Stream/Makeup, Mini USB Dimmable Ringlight for YouTube Video",136.99 Dhs,https://ma.jumia.is/unsafe/fit-in/300x300/filters:fill(white)/product/74/586954/1.jpg?5883
334,Support Adaptateur pour Telephone Trépied Smartphone - Pour SelfieTripied Tripod,25.00 Dhs,https://ma.jumia.is/unsafe/fit-in/300x300/filters:fill(white)/product/18/720504/1.jpg?3604
335,"plaque métallique magnétique pour voiture,chargeur sans fil disponible",19.00 Dhs,https://ma.jumia.is/unsafe/fit-in/300x300/filters:fill(white)/product/89/361735/1.jpg?7862
336,Nokia 106 - Radio FM - LED Lamp,220.50 Dhs,https://ma.jumia.is/unsafe/fit-in/300x300/filters:fill(white)/product/83/586745/1.jpg?5378
337,Pochette Pour Xiaomi redmi 9T 2021 view Mir  Leather  Noir,69.00 Dhs,https://ma.jumia.is/unsafe/fit-in/300x300/filters:fill(white)/product/50/263224/1.jpg?6949
338,"Oppo F11 Pro 6.5"" 4G (6Go, 128Go) Android 9 48MP+5MP /16MP - Vert Aurore","3,999.00 Dhs",https://ma.jumia.is/unsafe/fit-in/300x300/filters:fill(white)/product/93/609372/1.jpg?1878
339,"Samsung Galaxy A03 Core - 6,5"" - 2Go RAM - 32Go ROM -onyx black","1,099.00 Dhs",https://ma.jumia.is/unsafe/fit-in/300x300/filters:fill(white)/product/66/313785/1.jpg?9445
340,Clear View Pochette Samsung Galaxy A51 view Cas Bleu,69.00 Dhs,https://ma.jumia.is/unsafe/fit-in/300x300/filters:fill(white)/product/69/223914/1.jpg?3468
341,Nokia 3310 Dual SIM Bluetooth Cellphone-Gray + Cart Sim + cable,300.50 Dhs,https://ma.jumia.is/unsafe/fit-in/300x300/filters:fill(white)/product/51/792275/1.jpg?2106
342,Fashion Coque cadre aluminium iPhone XR Magnétique Avant Arrière Verre Trempé Aimants,119.00 Dhs,https://ma.jumia.is/unsafe/fit-in/300x300/filters:fill(white)/product/85/046143/1.jpg?9083
343,Samsung etui a Clear View  pour Galaxy S20 ultra,269.20 Dhs,https://ma.jumia.is/unsafe/fit-in/300x300/filters:fill(white)/product/59/470835/1.jpg?0542
344,Samsung B310E - Dual Sim - Radio - Cart Sim,220.33 Dhs,https://ma.jumia.is/unsafe/fit-in/300x300/filters:fill(white)/product/62/889765/1.jpg?7859
345,Pochette Samsung Galaxy s22 ultra Case Leather Wallet Flip Cover Case Bleu,149.00 Dhs,https://ma.jumia.is/unsafe/fit-in/300x300/filters:fill(white)/product/68/749535/1.jpg?8757
346,"Samsung Galaxy S21 5G ( 128Go, 8Go ) Phantom Gray 6.2"" Neuf / 1an de Garantie","5,799.00 Dhs",https://ma.jumia.is/unsafe/fit-in/300x300/filters:fill(white)/product/43/485374/1.jpg?0098
347,Mini Tripod Selfie avec Support Téléphone Portable Smartphone Caméra,29.80 Dhs,https://ma.jumia.is/unsafe/fit-in/300x300/filters:fill(white)/product/48/919115/1.jpg?8867
348,Oppo A16 (4Go - 64 Go) - Ecran 90 Hz - Batterie 5000 mAh - Son Stéréo - Noir,"1,890.00 Dhs",https://ma.jumia.is/unsafe/fit-in/300x300/filters:fill(white)/product/37/020384/1.jpg?5388
349,Support de téléphone à rotation 360° magnétique puissant pour voiture,39.00 Dhs,https://ma.jumia.is/unsafe/fit-in/300x300/filters:fill(white)/product/96/859485/1.jpg?8968
350,Clear View Coque Pour Samsung Galaxy A22 Mirror Leather Case Rose,79.00 Dhs,https://ma.jumia.is/unsafe/fit-in/300x300/filters:fill(white)/product/51/497754/1.jpg?1708
351,Adaptateur USB et 3 prises allume-cigare,159.00 Dhs,https://ma.jumia.is/unsafe/fit-in/300x300/filters:fill(white)/product/82/012684/1.jpg?0911
352,"Baseus allume-cigare de voiture, Chargeur rapide prise 120W QC4.0 QC3.0 PD Type C USB, double Ports",269.00 Dhs,https://ma.jumia.is/unsafe/fit-in/300x300/filters:fill(white)/product/89/716144/1.jpg?1608
353,Support pour tablette et téléphone portable de bureau pliable - Noir,69.00 Dhs,https://ma.jumia.is/unsafe/fit-in/300x300/filters:fill(white)/product/45/636334/1.jpg?9237
354,"XIAOMI Redmi Note 10S 6,43"" (6Go, 128Go) - 64MP - Android 11 - Gris + Band + Écouteur","2,699.00 Dhs",https://ma.jumia.is/unsafe/fit-in/300x300/filters:fill(white)/product/71/006685/1.jpg?8605
355,Baseus voiture FM transmetteur Bluetooth 5.0 3.1A USB chargeur de voiture AUX mains libres sans fil voiture Kit Auto FM Radio modulateur lecteur MP3,229.00 Dhs,https://ma.jumia.is/unsafe/fit-in/300x300/filters:fill(white)/product/91/804214/1.jpg?6435
356,Pochette SAMSUNG GALAXY A22 4G Mirror Ts,79.00 Dhs,https://ma.jumia.is/unsafe/fit-in/300x300/filters:fill(white)/product/80/332945/1.jpg?8847
357,"support telephone voiture pour rétroviseur, Support fléxible et rotation à 360 °",37.00 Dhs,https://ma.jumia.is/unsafe/fit-in/300x300/filters:fill(white)/product/04/436334/1.jpg?8693
358,"Support Flexible pour Téléphones Peut être utilisé à la maison,voiture,au bureau",65.00 Dhs,https://ma.jumia.is/unsafe/fit-in/300x300/filters:fill(white)/product/42/405255/1.jpg?2089
359,Samsung Galaxy Note 10 Plus Leather Case,119.00 Dhs,https://ma.jumia.is/unsafe/fit-in/300x300/filters:fill(white)/product/10/337125/1.jpg?1484
360,"support telephone voiture pour rétroviseur, Support fléxible et rotation à 360 °",37.00 Dhs,https://ma.jumia.is/unsafe/fit-in/300x300/filters:fill(white)/product/04/436334/1.jpg?8693
361,Magnétique Support de Téléphone Mobile pour voiture Noir,25.00 Dhs,https://ma.jumia.is/unsafe/fit-in/300x300/filters:fill(white)/product/27/573263/1.jpg?8559
362,Baseus voiture FM transmetteur Bluetooth 5.0 3.1A USB chargeur de voiture AUX mains libres sans fil voiture Kit Auto FM Radio modulateur lecteur MP3,229.00 Dhs,https://ma.jumia.is/unsafe/fit-in/300x300/filters:fill(white)/product/91/804214/1.jpg?6435
363,Support Telephone de Voiture sur Rétroviseur tout les telephone rigide et stable,33.70 Dhs,https://ma.jumia.is/unsafe/fit-in/300x300/filters:fill(white)/product/49/122982/1.jpg?3958
364,Pochette SAMSUNG GALAXY A22 4G Mirror Ts,79.00 Dhs,https://ma.jumia.is/unsafe/fit-in/300x300/filters:fill(white)/product/80/332945/1.jpg?8847
365,Clear View pochette Samsung Galaxy A32 clear view Gold ...,79.00 Dhs,https://ma.jumia.is/unsafe/fit-in/300x300/filters:fill(white)/product/40/457814/1.jpg?5333
366,"Support Flexible pour Téléphones Peut être utilisé à la maison,voiture,au bureau",65.00 Dhs,https://ma.jumia.is/unsafe/fit-in/300x300/filters:fill(white)/product/42/405255/1.jpg?2089
367,Support de Téléphone Magnétique pour voiture Noir,25.00 Dhs,https://ma.jumia.is/unsafe/fit-in/300x300/filters:fill(white)/product/29/546263/1.jpg?2709
368,Samsung Galaxy Note 10 Plus Leather Case,119.00 Dhs,https://ma.jumia.is/unsafe/fit-in/300x300/filters:fill(white)/product/10/337125/1.jpg?1484
369,Baseus Support de voiture fixe à la grille de ventilation de la voiture,145.00 Dhs,https://ma.jumia.is/unsafe/fit-in/300x300/filters:fill(white)/product/55/098065/1.jpg?9295
370,Samsung Note 20 Ultra 8GB/256GB Mysthic White,"9,500.00 Dhs",https://ma.jumia.is/unsafe/fit-in/300x300/filters:fill(white)/product/03/133273/1.jpg?5558
371,Samsung S View Wallet Cover (Galaxy Note 10 Lite) noir,99.00 Dhs,https://ma.jumia.is/unsafe/fit-in/300x300/filters:fill(white)/product/83/294364/1.jpg?6594
372,"Samsung Galaxy A03 - 6,5' HD+  4Go Ram - 128Go - 48MP- 5000 mAh - Bleu + Band + Écouteur","1,849.00 Dhs",https://ma.jumia.is/unsafe/fit-in/300x300/filters:fill(white)/product/63/864345/1.jpg?1957
373,Support de téléphone portable pour voiture,89.00 Dhs,https://ma.jumia.is/unsafe/fit-in/300x300/filters:fill(white)/product/16/595445/1.jpg?5825
374,Samsung Galaxy S21 Ultra Plating Mirror Leather Case - Black,89.00 Dhs,https://ma.jumia.is/unsafe/fit-in/300x300/filters:fill(white)/product/78/196615/1.jpg?3415
375,"Pochette pour téléphone 5.5"" Imperméable Réglable Exécution de Sport Gym VERT",60.00 Dhs,https://ma.jumia.is/unsafe/fit-in/300x300/filters:fill(white)/product/75/999102/1.jpg?0635
376,For SAMSUNG Note 20 Ultra Hard Flip Case Cover,129.00 Dhs,https://ma.jumia.is/unsafe/fit-in/300x300/filters:fill(white)/product/83/649145/1.jpg?6589
377,Samsung A33 Smart View Window Flip Stand Cover PU Leather Case Noir,129.00 Dhs,https://ma.jumia.is/unsafe/fit-in/300x300/filters:fill(white)/product/35/752635/1.jpg?8082
378,Getihu Support de téléphone magnétique pour voiture,34.00 Dhs,https://ma.jumia.is/unsafe/fit-in/300x300/filters:fill(white)/product/49/513573/1.jpg?6428
379,Huawei Y9s cover Etui à cartes en cuir de luxe,59.00 Dhs,https://ma.jumia.is/unsafe/fit-in/300x300/filters:fill(white)/product/82/290253/1.jpg?9445
380,"Samsung B310E - 2"" - Dual Sim - Radio -Noir",297.00 Dhs,https://ma.jumia.is/unsafe/fit-in/300x300/filters:fill(white)/product/14/632635/1.jpg?0624
381,Samsung Galaxy A04s (4Go Ram - 64Go ROM) - Noir,"1,799.00 Dhs",https://ma.jumia.is/unsafe/fit-in/300x300/filters:fill(white)/product/74/195685/1.jpg?3385
382,"WIRELESS CHARGER Chargeur sans Fil De Voiture Intelligent, Capteur Infrarouge et Rotation 360°",99.00 Dhs,https://ma.jumia.is/unsafe/fit-in/300x300/filters:fill(white)/product/74/178192/1.jpg?0954
383,Pochette pour Samsung Galaxy Note 9(Samsung Galaxy Note9) - Rose,89.00 Dhs,https://ma.jumia.is/unsafe/fit-in/300x300/filters:fill(white)/product/16/234944/1.jpg?3576
384,Support Professionnel 360 Rotatif Flexible Paresseux Lit Bureau pour Smartphone et Tablettes,229.00 Dhs,https://ma.jumia.is/unsafe/fit-in/300x300/filters:fill(white)/product/24/522263/1.jpg?1052
385,Vivo Y22 caméra ultra claire 50 MP-64+4Go- Helio G85-  Vert Métaverse,"1,799.00 Dhs",https://ma.jumia.is/unsafe/fit-in/300x300/filters:fill(white)/product/69/992585/1.jpg?5948
386,Pochette Flip Cover Oppo Reno 6z - Bleu,139.00 Dhs,https://ma.jumia.is/unsafe/fit-in/300x300/filters:fill(white)/product/24/888485/1.jpg?5749
387,Smart Plating View Stand Flip Case For Samsung Galaxy S22 Plus,119.00 Dhs,https://ma.jumia.is/unsafe/fit-in/300x300/filters:fill(white)/product/98/309625/1.jpg?3108
388,"support de téléphone de voiture universel , pour par-brise et tableau bord",65.00 Dhs,https://ma.jumia.is/unsafe/fit-in/300x300/filters:fill(white)/product/25/816765/1.jpg?5908
389,XIAOMI Mi Power Bank 20000mAh 18W Charge rapide,369.00 Dhs,https://ma.jumia.is/unsafe/fit-in/300x300/filters:fill(white)/product/10/507764/1.jpg?9576
390,3120 Trépied Selfie Télécommande BLUETOOTH -Smartphone et appareil photo-,94.00 Dhs,https://ma.jumia.is/unsafe/fit-in/300x300/filters:fill(white)/product/54/706783/1.jpg?6385
391,Support de téléphone pour voiture magnétique fort ventilation socle,4.00 Dhs,https://ma.jumia.is/unsafe/fit-in/300x300/filters:fill(white)/product/88/338724/1.jpg?8746
392,Mount holder support 360°de montage Durable mode voiture HUD tableau  bord pour téléphone-Gps,80.00 Dhs,https://ma.jumia.is/unsafe/fit-in/300x300/filters:fill(white)/product/30/307805/1.jpg?9515
393,POCHETTE Samsung Galaxy A12,89.00 Dhs,https://ma.jumia.is/unsafe/fit-in/300x300/filters:fill(white)/product/41/457814/1.jpg?5333
394,Samsung Galaxy Note 10 Plus Mirror Case - Noir,89.00 Dhs,https://ma.jumia.is/unsafe/fit-in/300x300/filters:fill(white)/product/98/473905/1.jpg?2821
395,Cou Support pour Téléphone Portable Support Téléphone - Bleu,38.98 Dhs,https://ma.jumia.is/unsafe/fit-in/300x300/filters:fill(white)/product/23/971324/1.jpg?3118
396,"XIAOMI Redmi 9C 6.53"" (4Go - 128Go) 13MP+2MP+2MP/5MP Android - Noir + Band + Écouteur","1,799.00 Dhs",https://ma.jumia.is/unsafe/fit-in/300x300/filters:fill(white)/product/53/794794/1.jpg?2328
397,Earphone Silicone Case for AirPods 1 2,48.00 Dhs,https://ma.jumia.is/unsafe/fit-in/300x300/filters:fill(white)/product/02/669983/1.jpg?7368
398,Infinix Hot 12 Play X6816 64 Rom 4 Ram - Daylight Green,"1,599.00 Dhs",https://ma.jumia.is/unsafe/fit-in/300x300/filters:fill(white)/product/25/697685/1.jpg?0590
399,XIAOMI Chargeur 67 W Haute Qualité - Cable type-c,148.49 Dhs,https://ma.jumia.is/unsafe/fit-in/300x300/filters:fill(white)/product/42/058475/1.jpg?0885
400,Tripied- suport de telephone,41.00 Dhs,https://ma.jumia.is/unsafe/fit-in/300x300/filters:fill(white)/product/90/222863/1.jpg?3224
401,"Tripied Trepied Support Pour telephone d'appareil Photo Camera, Léger, Portatif",55.00 Dhs,https://ma.jumia.is/unsafe/fit-in/300x300/filters:fill(white)/product/30/213864/1.jpg?2671
402,Samsung etui a Clear View  pour Samsung Galaxy S20 ultra,299.00 Dhs,https://ma.jumia.is/unsafe/fit-in/300x300/filters:fill(white)/product/16/767193/1.jpg?2110
403,"realme C30 MOBILE PHONE RMX3581 - 6.5"" - 2GB RAM + 32GB ROM - Bamboo Green","1,149.00 Dhs",https://ma.jumia.is/unsafe/fit-in/300x300/filters:fill(white)/product/41/389485/1.jpg?5528
404,"Samsung Galaxy A13 6.6"" LTE 4GB RAM + 64GB ROM 50 Mpx - Bleu + Écouteur + Smart Watch","2,099.00 Dhs",https://ma.jumia.is/unsafe/fit-in/300x300/filters:fill(white)/product/52/187685/1.jpg?6585
405,"Itel BRAND MOBILE PHONE - 6.6"" - A58 16Go + 1Go - 5 Mpx - Sky Cyan",829.00 Dhs,https://ma.jumia.is/unsafe/fit-in/300x300/filters:fill(white)/product/07/871605/1.jpg?4712
406,"Auto Bluetooth mains-libres, Récepteur Bluetooth pour voiture, vous pouvez répondre au téléphone sans le tenir, écouter la musique sur vos hauts parleurs,vous connectez sur tous les périphériques compatibles avec Bluetooth.",38.90 Dhs,https://ma.jumia.is/unsafe/fit-in/300x300/filters:fill(white)/product/48/349582/1.jpg?1487
407,Pour Camera et téléphone Tripied Silver avec Support de téléphone,69.99 Dhs,https://ma.jumia.is/unsafe/fit-in/300x300/filters:fill(white)/product/01/203104/1.jpg?2048
408,Nokia Nouveau téléphone 220,390.00 Dhs,https://ma.jumia.is/unsafe/fit-in/300x300/filters:fill(white)/product/49/639774/1.jpg?0304
409,Support de téléphone multifonction pour voiture Car Phone réglable Rotatif 360°,99.00 Dhs,https://ma.jumia.is/unsafe/fit-in/300x300/filters:fill(white)/product/71/147545/1.jpg?6625
410,Support Portable Magnétique Porte Téléphone Voiture Rotation 360° Attache Forts,86.00 Dhs,https://ma.jumia.is/unsafe/fit-in/300x300/filters:fill(white)/product/60/676384/1.jpg?1667
411,Aya Support magnétique de téléphone portable pour voiture rotation 360° AY-018,58.95 Dhs,https://ma.jumia.is/unsafe/fit-in/300x300/filters:fill(white)/product/38/496763/1.jpg?0144
412,Nokia 105 Dual SIM Noir,189.99 Dhs,https://ma.jumia.is/unsafe/fit-in/300x300/filters:fill(white)/product/80/513485/1.jpg?8808
413,OPPO A9 2020 Mirror Leather Case - Black,79.00 Dhs,https://ma.jumia.is/unsafe/fit-in/300x300/filters:fill(white)/product/43/166584/1.jpg?5260
414,"Répartiteur allume-cigare 12v/24v, adaptateur d'alimentation pour voiture DVR GPS chargeur Usb",75.00 Dhs,https://ma.jumia.is/unsafe/fit-in/300x300/filters:fill(white)/product/29/219075/1.jpg?6164
415,Samsung Note 10 Lite Leather Case - Blue,89.00 Dhs,https://ma.jumia.is/unsafe/fit-in/300x300/filters:fill(white)/product/23/533725/1.jpg?3350
416,"XO Support universel de téléphone portable pour siège arrière de voiture, réglable",129.00 Dhs,https://ma.jumia.is/unsafe/fit-in/300x300/filters:fill(white)/product/99/321624/1.jpg?8539
417,Infinix Hot 12 Play X6816 128 Rom 4 Ram - Racing Black,"1,680.00 Dhs",https://ma.jumia.is/unsafe/fit-in/300x300/filters:fill(white)/product/69/564785/1.jpg?9018
418,Samsung Galaxy A04s (4Go Ram - 64Go ROM) - vert,"1,699.00 Dhs",https://ma.jumia.is/unsafe/fit-in/300x300/filters:fill(white)/product/63/195685/1.jpg?3265
419,Xiaomi Redmi Note 10 Plating Leather Case - Black,119.00 Dhs,https://ma.jumia.is/unsafe/fit-in/300x300/filters:fill(white)/product/26/397235/1.jpg?6239
420,support caméra telephone en alliage d'aluminium trépied professionnel et léger,158.98 Dhs,https://ma.jumia.is/unsafe/fit-in/300x300/filters:fill(white)/product/81/186014/1.jpg?9531
421,Support de téléphone pour rétroviseur de voiture avec rotation à 360°,69.89 Dhs,https://ma.jumia.is/unsafe/fit-in/300x300/filters:fill(white)/product/83/468225/1.jpg?7734
422,tripod 3366,126.60 Dhs,https://ma.jumia.is/unsafe/fit-in/300x300/filters:fill(white)/product/48/699493/1.jpg?3843
423,Samsung Galaxy A3 - 4G - 16 Go - Android 4.4 – Or,"2,749.00 Dhs",https://ma.jumia.is/unsafe/fit-in/300x300/filters:fill(white)/product/85/4058/1.jpg?6750
424,"Samsung Galaxy M23 5G - 6.6"" - 4GB RAM+128GB ROM - 50Mpx - Light Blue","2,399.00 Dhs",https://ma.jumia.is/unsafe/fit-in/300x300/filters:fill(white)/product/16/837285/1.jpg?8444
425,For Samsung Galaxy S10 Plus Luxury Smart Plating Mirror View Flip Cover Case,119.00 Dhs,https://ma.jumia.is/unsafe/fit-in/300x300/filters:fill(white)/product/79/946505/1.jpg?1755
426,Support bureau pour téléphone et tablette 35 degrés réglable - Noir,52.78 Dhs,https://ma.jumia.is/unsafe/fit-in/300x300/filters:fill(white)/product/75/636334/1.jpg?9237
427,Samsung 6.5” A53 - 5G - 64 Mpx - 8Gb RAM 128Gb ROM - Android - Peach (Orange),"4,490.00 Dhs",https://ma.jumia.is/unsafe/fit-in/300x300/filters:fill(white)/product/51/781605/1.jpg?5126
428,Coque Pochette pour Samsung a32 Rose View Mirror,75.00 Dhs,https://ma.jumia.is/unsafe/fit-in/300x300/filters:fill(white)/product/32/856114/1.jpg?0740
429,"Samsung Chargeur secteur d'origine Samsung USB Type C, Fast Charge 25W - Noir",164.90 Dhs,https://ma.jumia.is/unsafe/fit-in/300x300/filters:fill(white)/product/92/731115/1.jpg?1857
430,"Telefunken téléphone fixe,Smart  GSM,made german, pour maison, bureau+Sticker cadeau",239.00 Dhs,https://ma.jumia.is/unsafe/fit-in/300x300/filters:fill(white)/product/58/787685/1.jpg?5663
431,Pochette Samsung Galaxy A53 Case Leather Wallet Flip Cover Case Bleu,149.00 Dhs,https://ma.jumia.is/unsafe/fit-in/300x300/filters:fill(white)/product/28/749535/1.jpg?8757
432,"Huawei Y5P 5.45"" (2Go, 32Go) 8MP/5MP Android - Dual Sim- Vert","1,099.00 Dhs",https://ma.jumia.is/unsafe/fit-in/300x300/filters:fill(white)/product/36/535904/1.jpg?0464
433,Coque Pour Samsung Galaxy A72 Mirror Leather Case bleu Sp,69.00 Dhs,https://ma.jumia.is/unsafe/fit-in/300x300/filters:fill(white)/product/14/511114/1.jpg?0728
434,Samsung Galaxy A22 4G Etui à Rabat en Cuir pour Miroir,89.00 Dhs,https://ma.jumia.is/unsafe/fit-in/300x300/filters:fill(white)/product/05/649145/1.jpg?6587
435,"Baseus Support de chargement sans fil pour téléphone portable, charge rapide",449.00 Dhs,https://ma.jumia.is/unsafe/fit-in/300x300/filters:fill(white)/product/72/953275/1.jpg?8492
436,Support Porte-gobelet et Telephone rotatif 360 de Voiture 2en1 - Pour vos Boissons Tasse Bouteille d'eau The,77.00 Dhs,https://ma.jumia.is/unsafe/fit-in/300x300/filters:fill(white)/product/66/453263/1.jpg?0042
437,Support de téléphone de voiture Magnetique télescopique,55.00 Dhs,https://ma.jumia.is/unsafe/fit-in/300x300/filters:fill(white)/product/63/651175/1.jpg?0026
438,Support Magnétique Support de Téléphone  pour Voiture,34.00 Dhs,https://ma.jumia.is/unsafe/fit-in/300x300/filters:fill(white)/product/44/452544/1.jpg?7457
439,Apple Adaptateur Secteur USB-C 20W  Chargeur Pour iPhone AirPods iPad Et Apple Watch,240.00 Dhs,https://ma.jumia.is/unsafe/fit-in/300x300/filters:fill(white)/product/40/697685/1.jpg?9394
440,"Baseus Support de chargement sans fil pour téléphone portable, charge rapide",449.00 Dhs,https://ma.jumia.is/unsafe/fit-in/300x300/filters:fill(white)/product/72/953275/1.jpg?8492
441,"Huawei Y5P 5.45"" (2Go, 32Go) 8MP/5MP Android - Dual Sim- Vert","1,099.00 Dhs",https://ma.jumia.is/unsafe/fit-in/300x300/filters:fill(white)/product/36/535904/1.jpg?0464
442,Coque Pochette pour Samsung a32 Rose View Mirror,75.00 Dhs,https://ma.jumia.is/unsafe/fit-in/300x300/filters:fill(white)/product/32/856114/1.jpg?0740
443,Support Magnétique Support de Téléphone  pour Voiture,34.00 Dhs,https://ma.jumia.is/unsafe/fit-in/300x300/filters:fill(white)/product/44/452544/1.jpg?7457
444,"Telefunken téléphone fixe,Smart  GSM,made german, pour maison, bureau+Sticker cadeau",239.00 Dhs,https://ma.jumia.is/unsafe/fit-in/300x300/filters:fill(white)/product/58/787685/1.jpg?5663
445,Pochette Samsung Galaxy A53 Case Leather Wallet Flip Cover Case Bleu,149.00 Dhs,https://ma.jumia.is/unsafe/fit-in/300x300/filters:fill(white)/product/28/749535/1.jpg?8757
446,"Samsung Chargeur secteur d'origine Samsung USB Type C, Fast Charge 25W - Noir",164.90 Dhs,https://ma.jumia.is/unsafe/fit-in/300x300/filters:fill(white)/product/92/731115/1.jpg?1857
447,"XIAOMI Redmi Note 11 Pro - FHD+ 6,67’’ - (6Go, 128Go) -108MP- Blanc - Band + Écouteur","3,099.00 Dhs",https://ma.jumia.is/unsafe/fit-in/300x300/filters:fill(white)/product/50/406985/1.jpg?5689
448,Xiaomi Mi 10T Pro Luxueux Etui Portefeuille Cuir Porte-Cartes et Coque TPU Pochette 2 en 1,179.00 Dhs,https://ma.jumia.is/unsafe/fit-in/300x300/filters:fill(white)/product/77/600804/1.jpg?0175
449,Samsung Galaxy A22 4G Etui à Rabat en Cuir pour Miroir,89.00 Dhs,https://ma.jumia.is/unsafe/fit-in/300x300/filters:fill(white)/product/05/649145/1.jpg?6587
450,Coque Pour Samsung Galaxy A72 Mirror Leather Case bleu Sp,69.00 Dhs,https://ma.jumia.is/unsafe/fit-in/300x300/filters:fill(white)/product/14/511114/1.jpg?0728
451,Support de téléphone de voiture Magnetique télescopique,55.00 Dhs,https://ma.jumia.is/unsafe/fit-in/300x300/filters:fill(white)/product/63/651175/1.jpg?0026
452,Apple Adaptateur Secteur USB-C 20W  Chargeur Pour iPhone AirPods iPad Et Apple Watch,240.00 Dhs,https://ma.jumia.is/unsafe/fit-in/300x300/filters:fill(white)/product/40/697685/1.jpg?9394
453,Standard tripiéd 3366 50inch Aluminum Tripod Camera Universal Tripod,127.00 Dhs,https://ma.jumia.is/unsafe/fit-in/300x300/filters:fill(white)/product/84/831704/1.jpg?5618
454,Remax RCC203 2 USB 2.4 A Chargeur de voiture De la haute Gamme - noir,97.00 Dhs,https://ma.jumia.is/unsafe/fit-in/300x300/filters:fill(white)/product/19/102172/1.jpg?7426
455,pochette oppo Reno 5 clear view Noir,55.00 Dhs,https://ma.jumia.is/unsafe/fit-in/300x300/filters:fill(white)/product/98/774584/1.jpg?0087
456,Charge rapide de votre iPhone 12/iPhone 11 câble USB-C vers Lightning 20W,85.00 Dhs,https://ma.jumia.is/unsafe/fit-in/300x300/filters:fill(white)/product/59/304184/1.jpg?1918
457,Pochette pour XIAOMI REDMI Note10 Pro flip cover bleu UNV,79.00 Dhs,https://ma.jumia.is/unsafe/fit-in/300x300/filters:fill(white)/product/15/052114/1.jpg?1132
458,"Multipurpose Tripod Gorilla pod Flexible Tripod,Octopus Camera Tripod Bundle with 360 Degree ( Sans emballage )",65.00 Dhs,https://ma.jumia.is/unsafe/fit-in/300x300/filters:fill(white)/product/57/430764/1.jpg?9255
459,Lazy bracket stabilisateur pour smartphone,37.00 Dhs,https://ma.jumia.is/unsafe/fit-in/300x300/filters:fill(white)/product/16/453044/1.jpg?2219
460,2 pièces 30x0.3mm plaque de métal disque de fer pour support de téléphone de voiture magnétique,38.00 Dhs,https://ma.jumia.is/unsafe/fit-in/300x300/filters:fill(white)/product/78/601393/1.jpg?0450
461,Baseus 30W Quick Charge 4.0 3.0  Supercharge SCP USB + Type C PD 3.0,119.00 Dhs,https://ma.jumia.is/unsafe/fit-in/300x300/filters:fill(white)/product/91/554583/1.jpg?7430
462,Support fléxible de voiture montage de rétroviseur voiture pour téléphone portable,36.99 Dhs,https://ma.jumia.is/unsafe/fit-in/300x300/filters:fill(white)/product/29/772804/1.jpg?6421
463,LAZIEST HOLDER Support de téléphone ..universel suspendu au cou  plusieurs fonctions,37.00 Dhs,https://ma.jumia.is/unsafe/fit-in/300x300/filters:fill(white)/product/09/333054/1.jpg?6551
464,Mount holder Support de Voiture Téléphone GPS Mont Air Vent Support pour iPhone Samsung Universal,57.20 Dhs,https://ma.jumia.is/unsafe/fit-in/300x300/filters:fill(white)/product/87/292063/1.jpg?1812
465,"realme C11 (64+4 Gb) 6.5"" -Dual Sim - 5000mAh - 13Mp+2Mp AI double caméra - Gris","1,399.00 Dhs",https://ma.jumia.is/unsafe/fit-in/300x300/filters:fill(white)/product/87/278885/1.jpg?2226
466,support clim solide 360 degrés,65.00 Dhs,https://ma.jumia.is/unsafe/fit-in/300x300/filters:fill(white)/product/01/637445/1.jpg?2921
467,"Oppo F11 Pro Avengers Edition limitée 6.5"" (6 Go,128Go)  48MP+5MP/16MP- Bleu espace","4,599.00 Dhs",https://ma.jumia.is/unsafe/fit-in/300x300/filters:fill(white)/product/26/724182/1.jpg?1864
468,Telecommande Bluetooth Selfie pour Telephone Camera Appareil photo GoPro,33.00 Dhs,https://ma.jumia.is/unsafe/fit-in/300x300/filters:fill(white)/product/02/574345/1.jpg?9346
469,Manette de jeu mobile PUBG tout-en-un 6 bouttons Joystick à bouton de feu avec ventilateur,124.00 Dhs,https://ma.jumia.is/unsafe/fit-in/300x300/filters:fill(white)/product/54/355804/1.jpg?8476
470,Support de téléphone pour voiture Magnétique ventilation Montage Mobile 360.,39.00 Dhs,https://ma.jumia.is/unsafe/fit-in/300x300/filters:fill(white)/product/62/232634/1.jpg?8405
471,"Support de téléphone pour rétroviseur de véhicule, Phone Holder",44.00 Dhs,https://ma.jumia.is/unsafe/fit-in/300x300/filters:fill(white)/product/30/143324/1.jpg?6737
472,Support de téléphone portable à ventouse pour voiture 360°,55.00 Dhs,https://ma.jumia.is/unsafe/fit-in/300x300/filters:fill(white)/product/23/053565/1.jpg?2545
473,Telefunken TB301 telephone Fixe Speaker filaire Single Line Auto-alimenté par ligne-Noir,299.00 Dhs,https://ma.jumia.is/unsafe/fit-in/300x300/filters:fill(white)/product/60/122115/1.jpg?5035
474,Car Phone Magnetic Holder Mobile Smartphone Stand Magnet Support Cell Cellphone,49.00 Dhs,https://ma.jumia.is/unsafe/fit-in/300x300/filters:fill(white)/product/42/590494/1.jpg?5188
475,"Support Téléphone Voiture Magnétique,Porte téléphone - Gris",43.00 Dhs,https://ma.jumia.is/unsafe/fit-in/300x300/filters:fill(white)/product/24/087845/1.jpg?6039
476,Pochette Pour Samsung Galaxy A32 Bleu UV,69.00 Dhs,https://ma.jumia.is/unsafe/fit-in/300x300/filters:fill(white)/product/44/733114/1.jpg?1140
477,Phone Cover For SAMSUNG GALAXY A73 4G,119.00 Dhs,https://ma.jumia.is/unsafe/fit-in/300x300/filters:fill(white)/product/55/452565/1.jpg?7126
478,Support de téléphone antidérapant magique pour tableau de bord de voiture,98.00 Dhs,https://ma.jumia.is/unsafe/fit-in/300x300/filters:fill(white)/product/66/761815/1.jpg?6624
479,Pochette iPhone 13 Pro Max Etui Portefeuille en Cuir Bleu & Gris Coque Antichoc,429.00 Dhs,https://ma.jumia.is/unsafe/fit-in/300x300/filters:fill(white)/product/41/802684/1.jpg?9958
480,Pochette Samsung A22 view plating Noir,69.00 Dhs,https://ma.jumia.is/unsafe/fit-in/300x300/filters:fill(white)/product/65/508825/1.jpg?6846
481,Support de téléphone en voiture pour tableau de bord magnétique haute qualité,49.99 Dhs,https://ma.jumia.is/unsafe/fit-in/300x300/filters:fill(white)/product/18/348045/1.jpg?5332
482,pochette Samsung Galaxy Note20 clear view rose,99.00 Dhs,https://ma.jumia.is/unsafe/fit-in/300x300/filters:fill(white)/product/41/870814/1.jpg?1330
483,Telefunken Telephone Classy Double Sim Camera FM Multi media bluetooth Micro Sd,159.00 Dhs,https://ma.jumia.is/unsafe/fit-in/300x300/filters:fill(white)/product/09/938045/1.jpg?3428
484,Pochette Clapet pour Samsung s7 edge miroir - bleu,99.00 Dhs,https://ma.jumia.is/unsafe/fit-in/300x300/filters:fill(white)/product/14/508825/1.jpg?6847
485,Pour Camera et téléphone Tripied Silver avec support gratuit,65.99 Dhs,https://ma.jumia.is/unsafe/fit-in/300x300/filters:fill(white)/product/89/086014/1.jpg?9532
486,"Support Telephone pour Voiture, sur Rétroviseur et Siege Arriere",38.00 Dhs,https://ma.jumia.is/unsafe/fit-in/300x300/filters:fill(white)/product/55/609935/1.jpg?7645
487,support de téléphone LINA  en bois,18.50 Dhs,https://ma.jumia.is/unsafe/fit-in/300x300/filters:fill(white)/product/39/157224/1.jpg?8330
488,trépied portable pliable professionnel 2 en 1 pour trépied d'appareil photo 3366,159.00 Dhs,https://ma.jumia.is/unsafe/fit-in/300x300/filters:fill(white)/product/43/958124/1.jpg?7800
489,"Support Telephone de Voiture sur Rétroviseur, 360 degrés, Pour vos Appels, GPS, UNIVERSEL - Pour Samsung / Galaxy / iPhone / HTC / Huawei / Oppo",42.00 Dhs,https://ma.jumia.is/unsafe/fit-in/300x300/filters:fill(white)/product/09/943752/1.jpg?5388
490,2 Pièces Pubg Controller manchons de doigt_Game Finger Sleeve,18.00 Dhs,https://ma.jumia.is/unsafe/fit-in/300x300/filters:fill(white)/product/33/475424/1.jpg?5304
491,Pochette clapet pour Xiaomi Redmi Note 11 pro (4G) Avec la porte pour protéger l 'ecran Bleu,139.00 Dhs,https://ma.jumia.is/unsafe/fit-in/300x300/filters:fill(white)/product/08/770325/1.jpg?7779
492,"Trépied pour téléphone portable 40 pouces, support en aluminium de photographie",167.99 Dhs,https://ma.jumia.is/unsafe/fit-in/300x300/filters:fill(white)/product/37/341224/1.jpg?5659
493,Oppo A 54S (4Go - 128 Go) - Ecran 90 Hz - Batterie 5000 mAh - Son Stéréo - Noir,"2,090.00 Dhs",https://ma.jumia.is/unsafe/fit-in/300x300/filters:fill(white)/product/97/427285/1.jpg?3324
494,Coque Pour Smsung A02s With Stand Function And Plating Mirror,89.00 Dhs,https://ma.jumia.is/unsafe/fit-in/300x300/filters:fill(white)/product/93/124205/1.jpg?9677
495,"XIAOMI Redmi Note 11 6,5"" (6Go, 128Go) - 50MP/8MP - Bleu - Band + Écouteur","2,480.00 Dhs",https://ma.jumia.is/unsafe/fit-in/300x300/filters:fill(white)/product/96/894685/1.jpg?3020
496,Infinix Hot 12 Play X6816 64 Rom 4 Ram - Champagne Gold,"1,599.00 Dhs",https://ma.jumia.is/unsafe/fit-in/300x300/filters:fill(white)/product/94/697685/1.jpg?0589
497,Pochette Clapet For Samsung Galaxy S10 Plus,129.00 Dhs,https://ma.jumia.is/unsafe/fit-in/300x300/filters:fill(white)/product/77/146045/1.jpg?1401
498,"Support Telephone Voiture sur Rétroviseur et Siege Arriere, Réglable 360 ° - Pour GPS, Appels, Message",37.00 Dhs,https://ma.jumia.is/unsafe/fit-in/300x300/filters:fill(white)/product/08/871324/1.jpg?3753
499,Vivo Y02s (5 000 mAh  Batterie longue durée-3 RAM +  32 Go de ROM- Noir),"1,449.00 Dhs",https://ma.jumia.is/unsafe/fit-in/300x300/filters:fill(white)/product/09/277685/1.jpg?9986
500,Pochette Samsung A32 flip cover Noir  Sp,69.00 Dhs,https://ma.jumia.is/unsafe/fit-in/300x300/filters:fill(white)/product/61/170114/1.jpg?6250
501,Samsung Clear View Standing Cover S8 Gold,90.00 Dhs,https://ma.jumia.is/unsafe/fit-in/300x300/filters:fill(white)/product/58/225545/1.jpg?8909
502,"Support Téléphone Voiture Magnétique,Porte téléphone Magnetique Portable,Aimant Téléphone Voiture Support Grille Aeration Support magnétique Rotatif à 360° pour iPhone Huawei",39.00 Dhs,https://ma.jumia.is/unsafe/fit-in/300x300/filters:fill(white)/product/61/951883/1.jpg?6747
503,Coque Pochette pour Samsung a52 Gold View Mirror,69.00 Dhs,https://ma.jumia.is/unsafe/fit-in/300x300/filters:fill(white)/product/69/756114/1.jpg?0740
504,Pochette Huawei Nova 3i Plating Mirror Leather Case - Black,89.00 Dhs,https://ma.jumia.is/unsafe/fit-in/300x300/filters:fill(white)/product/72/605194/1.jpg?0916
505,Support Line Support de téléphone pour rétroviseur rotation à 360 ° Support fléxible,39.00 Dhs,https://ma.jumia.is/unsafe/fit-in/300x300/filters:fill(white)/product/48/763184/1.jpg?4611
506,Coque Samsung Galaxy A03 Core Plating Leather Case - Blue,119.00 Dhs,https://ma.jumia.is/unsafe/fit-in/300x300/filters:fill(white)/product/50/213285/1.jpg?2843
507,Coque Pour Oppo A9 2020 bleu,69.00 Dhs,https://ma.jumia.is/unsafe/fit-in/300x300/filters:fill(white)/product/43/535863/1.jpg?9648
508,Coque Huawei Y9 Prime 2019 Coin Complet étui Luxe,59.00 Dhs,https://ma.jumia.is/unsafe/fit-in/300x300/filters:fill(white)/product/73/121925/1.jpg?0031
509,"Support Telephone De Voiture Siège Arrière, Clips de fixation pour siège arrière derrire Coussin",42.30 Dhs,https://ma.jumia.is/unsafe/fit-in/300x300/filters:fill(white)/product/83/886793/1.jpg?8971
510,Support de téléphone portable de bureau,79.00 Dhs,https://ma.jumia.is/unsafe/fit-in/300x300/filters:fill(white)/product/12/296183/1.jpg?3869
511,"Coque Xiaomi 12 Pro en PU Ultra Mince et Magnétique, Couleur Vert",229.00 Dhs,https://ma.jumia.is/unsafe/fit-in/300x300/filters:fill(white)/product/88/046045/1.jpg?0083
512,Étui pour iPhone 6\6s LOL,25.00 Dhs,https://ma.jumia.is/unsafe/fit-in/300x300/filters:fill(white)/product/58/033782/1.jpg?2737
513,For Huawei P 30 Pro Mirror Hard Flip Case Cover,99.00 Dhs,https://ma.jumia.is/unsafe/fit-in/300x300/filters:fill(white)/product/44/309625/1.jpg?3043
514,Oraimo 27000mAh Massive Power Charing Bank Traveller 3 Byte,359.00 Dhs,https://ma.jumia.is/unsafe/fit-in/300x300/filters:fill(white)/product/77/368705/1.jpg?1264
515,"TD-LTE Chargeur de voiture USB Et Type-c, 38W PD 20w + QC 18w 3.0 - Fast Charger",59.00 Dhs,https://ma.jumia.is/unsafe/fit-in/300x300/filters:fill(white)/product/41/818764/1.jpg?0119
516,XIAOMI Chargeur 33W Charge Turbo charge rapide 5A Avec Cable type-c,160.00 Dhs,https://ma.jumia.is/unsafe/fit-in/300x300/filters:fill(white)/product/24/569485/1.jpg?3286
517,pochette Clapet Pour XIAOMI REDMI Note 8 pro - Noir,69.00 Dhs,https://ma.jumia.is/unsafe/fit-in/300x300/filters:fill(white)/product/16/508825/1.jpg?6846
518,Pubg Controller Mobile Phone Game Gaming Gloves Sweat-proof Touch Screen Thumbs Finger Sleeve for Pubg,20.99 Dhs,https://ma.jumia.is/unsafe/fit-in/300x300/filters:fill(white)/product/62/079793/1.jpg?5692
519,Edifier X2 TWS Écouteurs Écouteurs sans fil Bluetooth 5.1 Assistant vocal Pilote 13 mm Contrôle tactile Jusqu'à 28 heures de jeu Mode de jeu,228.00 Dhs,https://ma.jumia.is/unsafe/fit-in/300x300/filters:fill(white)/product/40/140724/1.jpg?7709
520,Support Telephone Voiture Clip sur Tableau De Bord,55.00 Dhs,https://ma.jumia.is/unsafe/fit-in/300x300/filters:fill(white)/product/24/323114/1.jpg?3592
521,Support de téléphone de bureau,44.00 Dhs,https://ma.jumia.is/unsafe/fit-in/300x300/filters:fill(white)/product/27/102183/1.jpg?5831
522,"Support de téléphone pour rétroviseur de voiture, pour iPhone, Galaxy, Huawei, Xiaomi,",69.00 Dhs,https://ma.jumia.is/unsafe/fit-in/300x300/filters:fill(white)/product/97/240225/1.jpg?2246
523,Adapteur chargeur de voiture USB Affich 5V 3.1A rapide Chargeur Allume-Cigare,49.00 Dhs - 58.00 Dhs,https://ma.jumia.is/unsafe/fit-in/300x300/filters:fill(white)/product/79/359805/1.jpg?6865
524,tripod 3110 Trépied Support caméra téléphone en aluminium,75.00 Dhs,https://ma.jumia.is/unsafe/fit-in/300x300/filters:fill(white)/product/53/432635/1.jpg?7798
525,"Oraimo Chargeur de Voiture 5.0V/2.1A, LED Light, Dual USB",67.98 Dhs,https://ma.jumia.is/unsafe/fit-in/300x300/filters:fill(white)/product/56/465224/1.jpg?1869
526,"Nokia 105 (2022) 1.77"" Dual SIM - Charcoal",250.00 Dhs,https://ma.jumia.is/unsafe/fit-in/300x300/filters:fill(white)/product/67/741175/1.jpg?8506
527,Polycom TELEPHONE IP SIP  VVX 201,980.00 Dhs,https://ma.jumia.is/unsafe/fit-in/300x300/filters:fill(white)/product/28/166214/1.jpg?6905
528,Une petite poche pour le téléphone,39.00 Dhs,https://ma.jumia.is/unsafe/fit-in/300x300/filters:fill(white)/product/68/227844/1.jpg?2754
529,Support de téléphone magnétique pour voiture +Sticker Cadeau,43.45 Dhs,https://ma.jumia.is/unsafe/fit-in/300x300/filters:fill(white)/product/45/906394/1.jpg?0362
530,Coque Pour samsang m31 Bleu,62.00 Dhs,https://ma.jumia.is/unsafe/fit-in/300x300/filters:fill(white)/product/17/106863/1.jpg?7826
531,"Support de téléphone multifonctionnel pour voiture, rotatif à 360 degrés, Multi Rotatio",62.90 Dhs,https://ma.jumia.is/unsafe/fit-in/300x300/filters:fill(white)/product/11/066665/1.jpg?8487
532,"Tripod Support Pour telephone Trépied d'appareil Photo Camera,",55.00 Dhs,https://ma.jumia.is/unsafe/fit-in/300x300/filters:fill(white)/product/51/406662/1.jpg?9908
533,"Support de Téléphone pour Pare-brise de Voiture, à Rotation de 360 Degrés - Noir",57.00 Dhs,https://ma.jumia.is/unsafe/fit-in/300x300/filters:fill(white)/product/90/221745/1.jpg?7179
534,Pochette Pour OPPO Reno 2F Leather Case - Noir,99.00 Dhs,https://ma.jumia.is/unsafe/fit-in/300x300/filters:fill(white)/product/68/069475/1.jpg?1167
535,Samsung Galaxy S20 Plus Plating Mirror Leather Case - Noir,89.00 Dhs,https://ma.jumia.is/unsafe/fit-in/300x300/filters:fill(white)/product/53/120715/1.jpg?0930
536,Pochette Samsung Note 20 Noir Miroir UNV,79.00 Dhs,https://ma.jumia.is/unsafe/fit-in/300x300/filters:fill(white)/product/46/729214/1.jpg?5611
537,Support Téléphone Voiture sur Rétroviseur et Siege Arrière Réglable 360 Pour GPS Appels Message,64.00 Dhs,https://ma.jumia.is/unsafe/fit-in/300x300/filters:fill(white)/product/38/193824/1.jpg?0512
538,Support de téléphone antidérapant magique pour tableau de bord de voiture,79.99 Dhs,https://ma.jumia.is/unsafe/fit-in/300x300/filters:fill(white)/product/26/410565/1.jpg?5867
539,"Ring Fill Light, Easy To Set 26 inch Makeup LED Lights With Tripod Stand",140.00 Dhs,https://ma.jumia.is/unsafe/fit-in/300x300/filters:fill(white)/product/01/725214/1.jpg?8546
540,Pochette Clapet SAMSUNG galaxy S9 Plus,95.00 Dhs,https://ma.jumia.is/unsafe/fit-in/300x300/filters:fill(white)/product/88/963445/1.jpg?4798
541,"Samsung Galaxy M13 - 6.6"" - 4GB RAM + 128GB ROM – 50Mpx – Light Blue","2,149.00 Dhs",https://ma.jumia.is/unsafe/fit-in/300x300/filters:fill(white)/product/46/837285/1.jpg?8021
542,Samsung Galaxy S10 Plus Plating Leather Case - Noir,119.00 Dhs,https://ma.jumia.is/unsafe/fit-in/300x300/filters:fill(white)/product/52/031935/1.jpg?7197
543,"Oraimo Support de téléphone de voiture par Orimo, flexible, noir",76.00 Dhs,https://ma.jumia.is/unsafe/fit-in/300x300/filters:fill(white)/product/81/292585/1.jpg?1445
544,Blitzwolf Selfie Trépied pour Smartphone Aluminium Léger Tout en Un Bâton Selfie Bluetooth avec Télécommande,359.00 Dhs,https://ma.jumia.is/unsafe/fit-in/300x300/filters:fill(white)/product/04/067524/1.jpg?6093
545,"TD-LTE Chargeur de voiture USB Et Type-c, 38W PD 20w + QC 18w 3.0 - Fast Charger",69.00 Dhs,https://ma.jumia.is/unsafe/fit-in/300x300/filters:fill(white)/product/31/818764/1.jpg?0119
546,"Support de téléphone multifonction pour voiture, rotatif à 360 , rétroviseur",65.00 Dhs,https://ma.jumia.is/unsafe/fit-in/300x300/filters:fill(white)/product/92/838285/1.jpg?5064
547,"Support de téléphone multifonctionnel pour voiture, rotatif à 360 degrés, pour rétroviseur",64.00 Dhs,https://ma.jumia.is/unsafe/fit-in/300x300/filters:fill(white)/product/31/066665/1.jpg?8485
548,Apple Adaptateur Secteur USB-C 20W 100% Originale Chargeur Pour iPhone AirPods iPad Et Apple Watch,449.00 Dhs,https://ma.jumia.is/unsafe/fit-in/300x300/filters:fill(white)/product/25/451684/1.jpg?9784
549,Panaosnic Téléphone Sans Fil - Kx-tg1611-Dect -écran rétroéclairé - Noir,319.00 Dhs,https://ma.jumia.is/unsafe/fit-in/300x300/filters:fill(white)/product/28/281655/1.jpg?4015
550,Pochette pour OPPO  A9 2020 Noir,89.00 Dhs,https://ma.jumia.is/unsafe/fit-in/300x300/filters:fill(white)/product/37/280314/1.jpg?1570
551,Pochette Clapet Huawei Y9 Prime (2019) - BLEU,79.00 Dhs,https://ma.jumia.is/unsafe/fit-in/300x300/filters:fill(white)/product/42/121925/1.jpg?0032
552,Pochette Clapet pour Huawei Y9s Noir,79.00 Dhs,https://ma.jumia.is/unsafe/fit-in/300x300/filters:fill(white)/product/94/321825/1.jpg?5714
553,Case pochette Samsung Galaxy Note 20 ULTRA clear view Noir ....,79.00 Dhs,https://ma.jumia.is/unsafe/fit-in/300x300/filters:fill(white)/product/82/649924/1.jpg?5999
554,apai genie Suivi automatique du visage et des objets Support de caméra de tir intelligent Caméra Cature 360 ​​°,139.00 Dhs,https://ma.jumia.is/unsafe/fit-in/300x300/filters:fill(white)/product/74/787114/1.jpg?4765
555,Trépied Flexible pour caméra,38.98 Dhs,https://ma.jumia.is/unsafe/fit-in/300x300/filters:fill(white)/product/59/237492/1.jpg?4946
556,Smart Mirror Flip Phone Case For Huawei Mate 20 Pro Clear View Cover,79.00 Dhs,https://ma.jumia.is/unsafe/fit-in/300x300/filters:fill(white)/product/06/166584/1.jpg?5324
557,Remax RM-C37 SUPPORT Chargeur de voiture sans-fil Remax,500.00 Dhs,https://ma.jumia.is/unsafe/fit-in/300x300/filters:fill(white)/product/47/419683/1.jpg?6408
558,Clear View Pochette pour xiaomi Redmi 9c  Clear View GOLD,69.00 Dhs,https://ma.jumia.is/unsafe/fit-in/300x300/filters:fill(white)/product/55/457814/1.jpg?5332
559,Pochette Pour samsung M11 Bleu,62.00 Dhs,https://ma.jumia.is/unsafe/fit-in/300x300/filters:fill(white)/product/68/325863/1.jpg?2363
